"","#CHROM","POS","CONTEXT","REM1","REM2","REF","ALT","H0-A","H0-13","H0-14","H0-25","H0-3","H0-4","H0-7","H0-1","H0-10","H0-11","H0-12","H0-16","H0-17","H0-18","H0-19","H0-2","H0-20","H0-21","H0-23","H0-24","H0-26","H0-27","H0-28","H0-30","H0-31","H0-32","H0-34","H0-35","H0-38","H0-39","H0-41","H0-43","H0-44","H0-45","H0-47","H0-8","H0-9"
"1","Spar_I_RaGOO",21471,"ATG","Spar_I_RaGOO",21471,"T","A","NA","NA","NA","NA","NA","NA","NA","NA","NA","NA","ATG","NA","NA","NA","NA","NA","NA","NA","NA","NA","NA","NA","NA","NA","NA","NA","NA","NA","NA","NA","NA","NA","NA","NA","NA","NA","NA"
"2","Spar_I_RaGOO",30805,"TTG","Spar_I_RaGOO",30805,"T","C","NA","NA","NA","NA","TTG","NA","NA","NA","NA","NA","NA","NA","NA","NA","NA","NA","NA","NA","NA","NA","NA","NA","NA","NA","NA","NA","NA","NA","NA","NA","NA","NA","NA","NA","NA","NA","NA"
"3","Spar_I_RaGOO",102688,"ACG","Spar_I_RaGOO",102688,"C","T","NA","NA","NA","NA","NA","NA","NA","NA","NA","NA","NA","NA","NA","NA","NA","NA","NA","NA","NA","NA","NA","NA","NA","NA","NA","ACG","NA","NA","NA","NA","NA","NA","NA","NA","NA","NA","NA"
"4","Spar_I_RaGOO",118905,"GAG","Spar_I_RaGOO",118905,"A","T","NA","NA","NA","NA","NA","GAG","NA","NA","NA","NA","NA","NA","NA","NA","NA","NA","NA","NA","NA","NA","NA","NA","NA","NA","NA","NA","NA","NA","NA","NA","NA","NA","NA","NA","NA","NA","NA"
"5","Spar_II_RaGOO",132765,"CCA","Spar_II_RaGOO",132765,"C","T","NA","NA","NA","NA","NA","NA","NA","NA","NA","NA","NA","NA","NA","NA","NA","NA","NA","NA","NA","NA","NA","NA","NA","NA","NA","NA","NA","NA","CCA","NA","NA","NA","NA","NA","NA","NA","NA"
"6","Spar_II_RaGOO",139496,"GTT","Spar_II_RaGOO",139496,"T","C","NA","NA","NA","NA","NA","NA","NA","NA","NA","NA","NA","NA","NA","GTT","NA","NA","NA","NA","NA","NA","NA","NA","NA","NA","NA","NA","NA","NA","NA","NA","NA","NA","NA","NA","NA","NA","NA"
"7","Spar_II_RaGOO",244193,"ACC","Spar_II_RaGOO",244193,"C","T","NA","NA","NA","NA","NA","NA","NA","NA","NA","NA","NA","NA","NA","ACC","NA","NA","NA","NA","NA","NA","NA","NA","NA","NA","NA","NA","NA","NA","NA","NA","NA","NA","NA","NA","NA","NA","NA"
"8","Spar_II_RaGOO",312343,"AAT","Spar_II_RaGOO",312343,"A","C","NA","NA","NA","NA","NA","NA","NA","NA","NA","NA","NA","NA","NA","NA","NA","NA","NA","NA","NA","NA","NA","NA","NA","NA","NA","NA","AAT","NA","NA","NA","NA","NA","NA","NA","NA","NA","NA"
"9","Spar_II_RaGOO",336469,"TCT","Spar_II_RaGOO",336469,"C","A","NA","NA","NA","NA","TCT","NA","NA","NA","NA","NA","NA","NA","NA","NA","NA","NA","NA","NA","NA","NA","NA","NA","NA","NA","NA","NA","NA","NA","NA","NA","NA","NA","NA","NA","NA","NA","NA"
"10","Spar_II_RaGOO",375569,"GCT","Spar_II_RaGOO",375569,"C","T","NA","NA","NA","NA","NA","NA","NA","NA","NA","NA","NA","NA","NA","NA","NA","NA","NA","NA","GCT","NA","NA","NA","NA","NA","NA","NA","NA","NA","NA","NA","NA","NA","NA","NA","NA","NA","NA"
"11","Spar_II_RaGOO",422577,"GGA","Spar_II_RaGOO",422577,"G","A","NA","NA","NA","NA","NA","NA","NA","NA","NA","NA","NA","NA","NA","NA","NA","GGA","NA","NA","NA","NA","NA","NA","NA","NA","NA","NA","NA","NA","NA","NA","NA","NA","NA","NA","NA","NA","NA"
"12","Spar_II_RaGOO",439297,"AGG","Spar_II_RaGOO",439297,"G","A","NA","NA","NA","NA","NA","NA","NA","NA","NA","NA","NA","NA","NA","NA","NA","NA","NA","NA","NA","NA","NA","NA","NA","NA","NA","AGG","NA","NA","NA","NA","NA","NA","NA","NA","NA","NA","NA"
"13","Spar_II_RaGOO",470730,"TCA","Spar_II_RaGOO",470730,"C","T","NA","NA","NA","NA","NA","NA","NA","NA","NA","NA","NA","NA","NA","NA","NA","NA","NA","NA","NA","NA","NA","NA","NA","NA","NA","NA","NA","NA","NA","TCA","NA","NA","NA","NA","NA","NA","NA"
"14","Spar_II_RaGOO",477131,"GGC","Spar_II_RaGOO",477131,"G","A","NA","NA","NA","GGC","NA","NA","NA","NA","NA","NA","NA","NA","NA","NA","NA","NA","NA","NA","NA","NA","NA","NA","NA","NA","NA","NA","NA","NA","NA","NA","NA","NA","NA","NA","NA","NA","NA"
"15","Spar_III_RaGOO",124070,"TCA","Spar_III_RaGOO",124070,"C","G","NA","NA","NA","NA","NA","NA","NA","NA","NA","NA","TCA","NA","NA","NA","NA","NA","NA","NA","NA","NA","NA","NA","NA","NA","NA","NA","NA","NA","NA","NA","NA","NA","NA","NA","NA","NA","NA"
"16","Spar_III_RaGOO",250267,"ACT","Spar_III_RaGOO",250267,"C","T","NA","NA","NA","NA","ACT","NA","NA","NA","NA","NA","NA","NA","NA","NA","NA","NA","NA","NA","NA","NA","NA","NA","NA","NA","NA","NA","NA","NA","NA","NA","NA","NA","NA","NA","NA","NA","NA"
"17","Spar_IV_RaGOO",108660,"TGA","Spar_IV_RaGOO",108660,"G","C","NA","NA","NA","NA","NA","NA","NA","NA","NA","NA","NA","NA","NA","NA","NA","NA","NA","NA","NA","NA","NA","NA","NA","NA","NA","NA","NA","NA","NA","NA","NA","NA","NA","TGA","NA","NA","NA"
"18","Spar_IV_RaGOO",213883,"CAA","Spar_IV_RaGOO",213883,"A","G","NA","NA","NA","NA","NA","NA","NA","NA","NA","NA","NA","NA","NA","NA","NA","NA","NA","NA","NA","NA","NA","NA","NA","NA","NA","NA","NA","NA","NA","NA","NA","NA","NA","NA","CAA","NA","NA"
"19","Spar_IV_RaGOO",214748,"AGA","Spar_IV_RaGOO",214748,"G","C","NA","NA","NA","NA","NA","NA","NA","NA","NA","NA","NA","NA","NA","NA","AGA","NA","NA","NA","NA","NA","NA","NA","NA","NA","NA","NA","NA","NA","NA","NA","NA","NA","NA","NA","NA","NA","NA"
"20","Spar_IV_RaGOO",302826,"ACC","Spar_IV_RaGOO",302826,"C","A","NA","NA","ACC","NA","NA","NA","NA","NA","NA","NA","NA","NA","NA","NA","NA","NA","NA","NA","NA","NA","NA","NA","NA","NA","NA","NA","NA","NA","NA","NA","NA","NA","NA","NA","NA","NA","NA"
"21","Spar_IV_RaGOO",415212,"TGA","Spar_IV_RaGOO",415212,"G","C","NA","NA","NA","NA","NA","NA","NA","NA","NA","NA","NA","NA","NA","NA","NA","NA","NA","NA","NA","NA","NA","NA","TGA","NA","NA","NA","NA","NA","NA","NA","NA","NA","NA","NA","NA","NA","NA"
"22","Spar_IV_RaGOO",509432,"TAT","Spar_IV_RaGOO",509432,"A","C","NA","NA","NA","NA","NA","NA","NA","NA","NA","NA","NA","NA","NA","NA","NA","NA","NA","NA","NA","NA","NA","NA","NA","NA","NA","TAT","NA","NA","NA","NA","NA","NA","NA","NA","NA","NA","NA"
"23","Spar_IV_RaGOO",521241,"TAT","Spar_IV_RaGOO",521241,"A","C","NA","NA","NA","NA","NA","NA","NA","NA","NA","NA","NA","NA","NA","NA","NA","NA","NA","NA","NA","NA","NA","NA","NA","NA","NA","NA","NA","NA","TAT","NA","NA","NA","NA","NA","NA","NA","NA"
"24","Spar_IV_RaGOO",549106,"TGA","Spar_IV_RaGOO",549106,"G","T","NA","NA","NA","NA","NA","NA","NA","NA","NA","NA","NA","NA","NA","NA","NA","NA","NA","NA","NA","NA","NA","NA","TGA","NA","NA","NA","NA","NA","NA","NA","NA","NA","NA","NA","NA","NA","NA"
"25","Spar_IV_RaGOO",568077,"CGA","Spar_IV_RaGOO",568077,"G","A","NA","NA","NA","NA","NA","NA","NA","NA","NA","NA","NA","NA","NA","NA","NA","NA","NA","NA","NA","NA","NA","NA","NA","NA","NA","NA","NA","NA","NA","NA","NA","NA","NA","NA","CGA","NA","NA"
"26","Spar_IV_RaGOO",572803,"TGT","Spar_IV_RaGOO",572803,"G","C","NA","NA","NA","NA","NA","NA","NA","NA","NA","NA","NA","NA","NA","NA","NA","NA","NA","NA","NA","NA","NA","NA","NA","NA","NA","NA","NA","NA","NA","NA","TGT","NA","NA","NA","NA","NA","NA"
"27","Spar_IV_RaGOO",584155,"ATA","Spar_IV_RaGOO",584155,"T","C","NA","NA","NA","NA","NA","NA","NA","NA","NA","NA","NA","NA","NA","NA","NA","NA","NA","NA","NA","NA","NA","NA","NA","NA","NA","NA","NA","NA","NA","ATA","NA","NA","NA","NA","NA","NA","NA"
"28","Spar_IV_RaGOO",645556,"TTC","Spar_IV_RaGOO",645556,"T","G","NA","TTC","NA","NA","NA","NA","NA","NA","NA","NA","NA","NA","NA","NA","NA","NA","NA","NA","NA","NA","NA","NA","NA","NA","NA","NA","NA","NA","NA","NA","NA","NA","NA","NA","NA","NA","NA"
"29","Spar_IV_RaGOO",668939,"TCG","Spar_IV_RaGOO",668939,"C","T","NA","TCG","NA","NA","NA","NA","NA","NA","NA","NA","NA","NA","NA","NA","NA","NA","NA","NA","NA","NA","NA","NA","NA","NA","NA","NA","NA","NA","NA","NA","NA","NA","NA","NA","NA","NA","NA"
"30","Spar_IV_RaGOO",673896,"GCT","Spar_IV_RaGOO",673896,"C","G","NA","NA","NA","NA","NA","NA","NA","NA","NA","NA","NA","NA","NA","NA","NA","NA","NA","NA","NA","GCT","NA","NA","NA","NA","NA","NA","NA","NA","NA","NA","NA","NA","NA","NA","NA","NA","NA"
"31","Spar_IV_RaGOO",699159,"GGT","Spar_IV_RaGOO",699159,"G","T","NA","NA","NA","NA","NA","NA","NA","NA","NA","NA","NA","NA","NA","NA","NA","NA","NA","NA","NA","NA","NA","NA","NA","NA","NA","GGT","NA","NA","NA","NA","NA","NA","NA","NA","NA","NA","NA"
"32","Spar_IV_RaGOO",816207,"AGG","Spar_IV_RaGOO",816207,"G","T","NA","NA","NA","NA","NA","NA","NA","NA","NA","NA","NA","NA","NA","NA","NA","NA","NA","NA","NA","NA","NA","NA","NA","NA","NA","NA","NA","NA","NA","NA","AGG","NA","NA","NA","NA","NA","NA"
"33","Spar_IV_RaGOO",970324,"ATA","Spar_IV_RaGOO",970324,"T","A","NA","NA","NA","NA","NA","NA","NA","NA","NA","NA","NA","NA","ATA","NA","NA","NA","NA","NA","NA","NA","NA","NA","NA","NA","NA","NA","NA","NA","NA","NA","NA","NA","NA","NA","NA","NA","NA"
"34","Spar_IV_RaGOO",1138165,"TGG","Spar_IV_RaGOO",1138165,"G","A","NA","NA","NA","NA","NA","NA","NA","NA","NA","NA","NA","NA","NA","NA","NA","NA","NA","NA","NA","NA","NA","TGG","NA","NA","NA","NA","NA","NA","NA","NA","NA","NA","NA","NA","NA","NA","NA"
"35","Spar_IV_RaGOO",1159616,"TCT","Spar_IV_RaGOO",1159616,"C","G","NA","NA","NA","NA","NA","NA","NA","NA","NA","NA","TCT","NA","NA","NA","NA","NA","NA","NA","NA","NA","NA","NA","NA","NA","NA","NA","NA","NA","NA","NA","NA","NA","NA","NA","NA","NA","NA"
"36","Spar_IV_RaGOO",1342353,"GCT","Spar_IV_RaGOO",1342353,"C","A","NA","NA","GCT","NA","NA","NA","NA","NA","NA","NA","NA","NA","NA","NA","NA","NA","NA","NA","NA","NA","NA","NA","NA","NA","NA","NA","NA","NA","NA","NA","NA","NA","NA","NA","NA","NA","NA"
"37","Spar_IX_RaGOO",126472,"ATT","Spar_IX_RaGOO",126472,"T","A","NA","NA","NA","NA","NA","NA","NA","NA","NA","NA","NA","NA","NA","NA","NA","NA","NA","NA","NA","NA","NA","ATT","NA","NA","NA","NA","NA","NA","NA","NA","NA","NA","NA","NA","NA","NA","NA"
"38","Spar_IX_RaGOO",186355,"GGC","Spar_IX_RaGOO",186355,"G","T","NA","NA","NA","NA","NA","NA","NA","NA","NA","NA","NA","NA","NA","NA","NA","NA","NA","NA","NA","NA","NA","NA","NA","NA","NA","NA","NA","NA","NA","NA","GGC","NA","NA","NA","NA","NA","NA"
"39","Spar_IX_RaGOO",191783,"GAC","Spar_IX_RaGOO",191783,"A","C","NA","NA","NA","NA","NA","NA","NA","NA","NA","NA","NA","NA","NA","NA","NA","NA","NA","NA","NA","NA","NA","NA","GAC","NA","NA","NA","NA","NA","NA","NA","NA","NA","NA","NA","NA","NA","NA"
"40","Spar_IX_RaGOO",240407,"TCC","Spar_IX_RaGOO",240407,"C","T","NA","NA","NA","NA","NA","NA","NA","NA","NA","NA","NA","NA","NA","NA","NA","NA","NA","NA","NA","NA","NA","NA","NA","NA","NA","NA","NA","NA","NA","NA","NA","NA","TCC","NA","NA","NA","NA"
"41","Spar_IX_RaGOO",248559,"GAA","Spar_IX_RaGOO",248559,"A","G","NA","NA","NA","NA","NA","NA","NA","NA","NA","NA","NA","NA","NA","NA","NA","NA","NA","NA","NA","NA","NA","NA","NA","NA","NA","NA","NA","NA","NA","NA","NA","NA","NA","NA","NA","NA","GAA"
"42","Spar_V_RaGOO",102483,"ACA","Spar_V_RaGOO",102483,"C","G","NA","NA","NA","NA","NA","NA","NA","NA","NA","NA","NA","NA","NA","NA","NA","NA","NA","NA","NA","NA","NA","NA","NA","NA","NA","NA","NA","NA","NA","NA","NA","NA","NA","ACA","NA","NA","NA"
"43","Spar_V_RaGOO",210078,"CCA","Spar_V_RaGOO",210078,"C","A","NA","NA","NA","NA","NA","NA","NA","NA","NA","NA","NA","CCA","NA","NA","NA","NA","NA","NA","NA","NA","NA","NA","NA","NA","NA","NA","NA","NA","NA","NA","NA","NA","NA","NA","NA","NA","NA"
"44","Spar_V_RaGOO",366005,"TCG","Spar_V_RaGOO",366005,"C","A","NA","NA","NA","NA","NA","NA","NA","NA","NA","NA","NA","NA","NA","NA","NA","TCG","NA","NA","NA","NA","NA","NA","NA","NA","NA","NA","NA","NA","NA","NA","NA","NA","NA","NA","NA","NA","NA"
"45","Spar_V_RaGOO",439846,"AGC","Spar_V_RaGOO",439846,"G","A","NA","NA","NA","NA","NA","NA","NA","NA","NA","NA","NA","NA","NA","AGC","NA","NA","NA","NA","NA","NA","NA","NA","NA","NA","NA","NA","NA","NA","NA","NA","NA","NA","NA","NA","NA","NA","NA"
"46","Spar_VI_RaGOO",31608,"GCT","Spar_VI_RaGOO",31608,"C","G","NA","NA","NA","NA","NA","NA","NA","NA","NA","NA","NA","NA","NA","NA","NA","NA","NA","NA","NA","NA","NA","NA","NA","NA","NA","NA","NA","NA","GCT","NA","NA","NA","NA","NA","NA","NA","NA"
"47","Spar_VI_RaGOO",213479,"CCT","Spar_VI_RaGOO",213479,"C","G","NA","NA","NA","NA","NA","NA","NA","NA","NA","NA","NA","NA","NA","NA","NA","NA","NA","NA","NA","NA","NA","NA","NA","NA","NA","NA","NA","NA","NA","NA","NA","NA","NA","CCT","NA","NA","NA"
"48","Spar_VI_RaGOO",255865,"TGC","Spar_VI_RaGOO",255865,"G","T","NA","NA","NA","NA","NA","NA","NA","NA","NA","NA","NA","NA","NA","NA","NA","NA","NA","NA","NA","NA","NA","NA","NA","NA","NA","NA","TGC","NA","NA","NA","NA","NA","NA","NA","NA","NA","NA"
"49","Spar_VI_RaGOO",290882,"GAA","Spar_VI_RaGOO",290882,"A","C","NA","NA","NA","NA","NA","NA","NA","NA","NA","NA","GAA","NA","NA","NA","NA","NA","NA","NA","NA","NA","NA","NA","NA","NA","NA","NA","NA","NA","NA","NA","NA","NA","NA","NA","NA","NA","NA"
"50","Spar_VII_RaGOO",17040,"CGT","Spar_VII_RaGOO",17040,"G","T","NA","NA","NA","NA","NA","NA","NA","NA","NA","NA","NA","NA","NA","NA","NA","NA","NA","NA","CGT","NA","NA","NA","NA","NA","NA","NA","NA","NA","NA","NA","NA","NA","NA","NA","NA","NA","NA"
"51","Spar_VII_RaGOO",43172,"AGA","Spar_VII_RaGOO",43172,"G","C","NA","NA","NA","NA","NA","NA","NA","AGA","NA","NA","NA","NA","NA","NA","NA","NA","NA","NA","NA","NA","NA","NA","NA","NA","NA","NA","NA","NA","NA","NA","NA","NA","NA","NA","NA","NA","NA"
"52","Spar_VII_RaGOO",73039,"TGC","Spar_VII_RaGOO",73039,"G","T","NA","TGC","NA","NA","NA","NA","NA","NA","NA","NA","NA","NA","NA","NA","NA","NA","NA","NA","NA","NA","NA","NA","NA","NA","NA","NA","NA","NA","NA","NA","NA","NA","NA","NA","NA","NA","NA"
"53","Spar_VII_RaGOO",90043,"TAG","Spar_VII_RaGOO",90043,"A","G","NA","NA","NA","NA","NA","NA","NA","NA","NA","NA","NA","NA","NA","NA","TAG","NA","NA","NA","NA","NA","NA","NA","NA","NA","NA","NA","NA","NA","NA","NA","NA","NA","NA","NA","NA","NA","NA"
"54","Spar_VII_RaGOO",90731,"TGA","Spar_VII_RaGOO",90731,"G","C","NA","NA","NA","NA","NA","NA","NA","NA","NA","NA","NA","NA","NA","NA","NA","NA","NA","NA","NA","NA","NA","NA","NA","NA","NA","NA","TGA","NA","NA","NA","NA","NA","NA","NA","NA","NA","NA"
"55","Spar_VII_RaGOO",103029,"CCA","Spar_VII_RaGOO",103029,"C","T","NA","NA","NA","NA","NA","NA","NA","NA","NA","NA","NA","CCA","NA","NA","NA","NA","NA","NA","NA","NA","NA","NA","NA","NA","NA","NA","NA","NA","NA","NA","NA","NA","NA","NA","NA","NA","NA"
"56","Spar_VII_RaGOO",419592,"TGA","Spar_VII_RaGOO",419592,"G","A","NA","NA","NA","NA","NA","NA","NA","NA","NA","NA","NA","NA","NA","NA","NA","TGA","NA","NA","NA","NA","NA","NA","NA","NA","NA","NA","NA","NA","NA","NA","NA","NA","NA","NA","NA","NA","NA"
"57","Spar_VII_RaGOO",612230,"TAA","Spar_VII_RaGOO",612230,"A","C","NA","NA","NA","NA","NA","NA","NA","NA","NA","NA","NA","NA","NA","NA","NA","NA","NA","NA","NA","NA","NA","NA","NA","NA","NA","NA","NA","NA","NA","NA","TAA","NA","NA","NA","NA","NA","NA"
"58","Spar_VII_RaGOO",639041,"AGT","Spar_VII_RaGOO",639041,"G","A","NA","NA","NA","NA","NA","NA","NA","NA","NA","NA","NA","NA","NA","NA","NA","NA","NA","NA","NA","NA","NA","NA","NA","NA","NA","NA","NA","NA","NA","NA","NA","NA","NA","NA","AGT","NA","NA"
"59","Spar_VII_RaGOO",708631,"GCC","Spar_VII_RaGOO",708631,"C","G","NA","NA","NA","NA","NA","NA","NA","NA","NA","NA","NA","NA","NA","NA","NA","NA","NA","NA","NA","NA","NA","NA","NA","NA","NA","NA","NA","NA","NA","NA","NA","NA","NA","NA","NA","GCC","NA"
"60","Spar_VII_RaGOO",727065,"AAA","Spar_VII_RaGOO",727065,"A","T","NA","NA","NA","NA","NA","NA","NA","NA","NA","NA","NA","NA","NA","NA","NA","NA","NA","NA","NA","NA","NA","NA","NA","NA","NA","NA","NA","NA","NA","NA","NA","NA","NA","NA","NA","AAA","NA"
"61","Spar_VII_RaGOO",815132,"TCT","Spar_VII_RaGOO",815132,"C","T","NA","NA","NA","NA","NA","NA","NA","NA","NA","NA","NA","NA","NA","NA","NA","NA","NA","NA","NA","NA","NA","NA","NA","NA","NA","NA","TCT","NA","NA","NA","NA","NA","NA","NA","NA","NA","NA"
"62","Spar_VII_RaGOO",837094,"GGT","Spar_VII_RaGOO",837094,"G","T","NA","NA","NA","NA","NA","NA","NA","NA","NA","NA","NA","NA","NA","NA","NA","NA","NA","NA","NA","NA","NA","NA","NA","NA","NA","NA","NA","NA","NA","GGT","NA","NA","NA","NA","NA","NA","NA"
"63","Spar_VII_RaGOO",1013510,"TGC","Spar_VII_RaGOO",1013510,"G","T","NA","NA","NA","NA","NA","NA","NA","NA","NA","NA","NA","NA","NA","NA","NA","NA","NA","NA","NA","NA","NA","NA","NA","NA","TGC","NA","NA","NA","NA","NA","NA","NA","NA","NA","NA","NA","NA"
"64","Spar_VII_RaGOO",1017501,"TTT","Spar_VII_RaGOO",1017501,"T","C","NA","NA","NA","NA","NA","TTT","NA","NA","NA","NA","NA","NA","NA","NA","NA","NA","NA","NA","NA","NA","NA","NA","NA","NA","NA","NA","NA","NA","NA","NA","NA","NA","NA","NA","NA","NA","NA"
"65","Spar_VII_RaGOO",1022730,"TTC","Spar_VII_RaGOO",1022730,"T","C","NA","NA","NA","NA","NA","NA","NA","NA","TTC","NA","NA","NA","NA","NA","NA","NA","NA","NA","NA","NA","NA","NA","NA","NA","NA","NA","NA","NA","NA","NA","NA","NA","NA","NA","NA","NA","NA"
"66","Spar_VIII_RaGOO",23164,"GCC","Spar_VIII_RaGOO",23164,"C","G","NA","NA","NA","NA","NA","GCC","NA","NA","NA","NA","NA","NA","NA","NA","NA","NA","NA","NA","NA","NA","NA","NA","NA","NA","NA","NA","NA","NA","NA","NA","NA","NA","NA","NA","NA","NA","NA"
"67","Spar_VIII_RaGOO",87553,"TTT","Spar_VIII_RaGOO",87553,"T","A","NA","NA","NA","NA","NA","NA","NA","NA","NA","NA","NA","NA","NA","NA","NA","NA","NA","NA","NA","NA","NA","NA","NA","NA","NA","NA","NA","NA","NA","NA","NA","NA","NA","NA","NA","TTT","NA"
"68","Spar_VIII_RaGOO",146033,"TGT","Spar_VIII_RaGOO",146033,"G","A","NA","NA","NA","NA","NA","NA","NA","NA","NA","NA","NA","NA","NA","NA","NA","NA","NA","NA","NA","NA","NA","NA","NA","NA","NA","NA","NA","TGT","NA","NA","NA","NA","NA","NA","NA","NA","NA"
"69","Spar_X_RaGOO",35823,"CGA","Spar_X_RaGOO",35823,"G","T","NA","NA","NA","NA","NA","NA","NA","NA","NA","NA","NA","NA","NA","NA","NA","NA","NA","CGA","NA","NA","NA","NA","NA","NA","NA","NA","NA","NA","NA","NA","NA","NA","NA","NA","NA","NA","NA"
"70","Spar_X_RaGOO",99343,"ATA","Spar_X_RaGOO",99343,"T","A","NA","NA","NA","NA","NA","NA","NA","NA","NA","NA","NA","NA","NA","NA","NA","ATA","NA","NA","NA","NA","NA","NA","NA","NA","NA","NA","NA","NA","NA","NA","NA","NA","NA","NA","NA","NA","NA"
"71","Spar_X_RaGOO",103219,"GAT","Spar_X_RaGOO",103219,"A","C","NA","NA","NA","NA","NA","NA","NA","NA","NA","NA","NA","NA","NA","NA","NA","NA","NA","NA","NA","NA","NA","NA","NA","NA","GAT","NA","NA","NA","NA","NA","NA","NA","NA","NA","NA","NA","NA"
"72","Spar_X_RaGOO",122840,"CCT","Spar_X_RaGOO",122840,"C","T","NA","NA","NA","NA","NA","NA","NA","NA","NA","NA","NA","NA","NA","NA","NA","NA","NA","NA","NA","NA","NA","NA","NA","NA","NA","NA","NA","NA","NA","NA","NA","NA","CCT","NA","NA","NA","NA"
"73","Spar_X_RaGOO",215689,"ACA","Spar_X_RaGOO",215689,"C","A","NA","NA","NA","NA","NA","NA","NA","NA","NA","NA","NA","NA","NA","NA","NA","NA","NA","NA","NA","NA","NA","ACA","NA","NA","NA","NA","NA","NA","NA","NA","NA","NA","NA","NA","NA","NA","NA"
"74","Spar_X_RaGOO",318201,"CGA","Spar_X_RaGOO",318201,"G","A","NA","NA","NA","NA","NA","NA","NA","NA","NA","NA","NA","NA","NA","NA","CGA","NA","NA","NA","NA","NA","NA","NA","NA","NA","NA","NA","NA","NA","NA","NA","NA","NA","NA","NA","NA","NA","NA"
"75","Spar_X_RaGOO",318254,"CTC","Spar_X_RaGOO",318254,"T","C","NA","NA","NA","NA","CTC","NA","NA","NA","NA","NA","NA","NA","NA","NA","NA","NA","NA","NA","NA","NA","NA","NA","NA","NA","NA","NA","NA","NA","NA","NA","NA","NA","NA","NA","NA","NA","NA"
"76","Spar_X_RaGOO",331302,"TTT","Spar_X_RaGOO",331302,"T","G","NA","NA","NA","NA","NA","NA","NA","NA","NA","NA","NA","NA","NA","NA","NA","NA","NA","NA","NA","NA","NA","NA","NA","NA","TTT","NA","NA","NA","NA","NA","NA","NA","NA","NA","NA","NA","NA"
"77","Spar_X_RaGOO",496411,"TGA","Spar_X_RaGOO",496411,"G","T","NA","NA","NA","TGA","NA","NA","NA","NA","NA","NA","NA","NA","NA","NA","NA","NA","NA","NA","NA","NA","NA","NA","NA","NA","NA","NA","NA","NA","NA","NA","NA","NA","NA","NA","NA","NA","NA"
"78","Spar_X_RaGOO",500749,"TCC","Spar_X_RaGOO",500749,"C","A","NA","NA","NA","NA","NA","NA","NA","NA","NA","NA","NA","NA","NA","NA","NA","NA","NA","NA","NA","NA","NA","NA","NA","NA","NA","NA","TCC","NA","NA","NA","NA","NA","NA","NA","NA","NA","NA"
"79","Spar_X_RaGOO",501964,"TGG","Spar_X_RaGOO",501964,"G","A","NA","NA","NA","NA","NA","NA","NA","NA","NA","NA","NA","NA","NA","NA","NA","TGG","NA","NA","NA","NA","NA","NA","NA","NA","NA","NA","NA","NA","NA","NA","NA","NA","NA","NA","NA","NA","NA"
"80","Spar_X_RaGOO",522174,"CCA","Spar_X_RaGOO",522174,"C","T","NA","NA","NA","NA","NA","NA","NA","NA","NA","NA","NA","NA","NA","NA","NA","NA","NA","NA","NA","NA","NA","NA","NA","NA","NA","CCA","NA","NA","NA","NA","NA","NA","NA","NA","NA","NA","NA"
"81","Spar_X_RaGOO",596328,"TTC","Spar_X_RaGOO",596328,"T","A","NA","NA","NA","NA","NA","NA","NA","NA","NA","NA","NA","NA","NA","NA","NA","NA","NA","NA","NA","NA","NA","NA","NA","NA","NA","NA","NA","NA","NA","NA","NA","NA","NA","NA","TTC","NA","NA"
"82","Spar_XI_RaGOO",220676,"AAA","Spar_XI_RaGOO",220676,"A","G","NA","NA","NA","NA","NA","NA","NA","NA","NA","NA","NA","NA","NA","NA","NA","NA","NA","NA","NA","AAA","NA","NA","NA","NA","NA","NA","NA","NA","NA","NA","NA","NA","NA","NA","NA","NA","NA"
"83","Spar_XI_RaGOO",242427,"TGC","Spar_XI_RaGOO",242427,"G","T","NA","NA","NA","NA","NA","NA","NA","NA","NA","NA","NA","NA","NA","NA","NA","NA","NA","NA","NA","NA","NA","NA","NA","TGC","NA","NA","NA","NA","NA","NA","NA","NA","NA","NA","NA","NA","NA"
"84","Spar_XI_RaGOO",266456,"CTG","Spar_XI_RaGOO",266456,"T","C","NA","NA","NA","NA","NA","NA","NA","NA","NA","NA","NA","NA","NA","NA","NA","NA","NA","NA","NA","NA","NA","CTG","NA","NA","NA","NA","NA","NA","NA","NA","NA","NA","NA","NA","NA","NA","NA"
"85","Spar_XI_RaGOO",310978,"TTT","Spar_XI_RaGOO",310978,"T","G","NA","NA","NA","NA","NA","NA","NA","NA","NA","NA","NA","NA","NA","NA","NA","NA","NA","NA","NA","NA","NA","NA","NA","NA","NA","TTT","NA","NA","NA","NA","NA","NA","NA","NA","NA","NA","NA"
"86","Spar_XI_RaGOO",367390,"TGT","Spar_XI_RaGOO",367390,"G","A","NA","NA","TGT","NA","NA","NA","NA","NA","NA","NA","NA","NA","NA","NA","NA","NA","NA","NA","NA","NA","NA","NA","NA","NA","NA","NA","NA","NA","NA","NA","NA","NA","NA","NA","NA","NA","NA"
"87","Spar_XI_RaGOO",413741,"CTG","Spar_XI_RaGOO",413741,"T","G","NA","NA","NA","NA","NA","NA","NA","NA","NA","NA","NA","NA","NA","NA","NA","NA","NA","NA","NA","NA","NA","NA","NA","NA","NA","CTG","NA","NA","NA","NA","NA","NA","NA","NA","NA","NA","NA"
"88","Spar_XI_RaGOO",421939,"TCC","Spar_XI_RaGOO",421939,"C","T","NA","NA","NA","NA","NA","NA","NA","NA","NA","NA","NA","NA","NA","NA","NA","NA","NA","NA","NA","NA","NA","NA","NA","TCC","NA","NA","NA","NA","NA","NA","NA","NA","NA","NA","NA","NA","NA"
"89","Spar_XI_RaGOO",442053,"TCC","Spar_XI_RaGOO",442053,"C","T","NA","NA","NA","NA","NA","NA","NA","NA","NA","NA","NA","NA","NA","NA","NA","NA","NA","NA","NA","NA","NA","NA","NA","NA","NA","NA","NA","NA","NA","NA","NA","NA","NA","TCC","NA","NA","NA"
"90","Spar_XI_RaGOO",443878,"TTG","Spar_XI_RaGOO",443878,"T","C","NA","NA","NA","NA","NA","NA","NA","NA","NA","NA","NA","NA","NA","NA","NA","NA","NA","NA","NA","NA","TTG","NA","NA","NA","NA","NA","NA","NA","NA","NA","NA","NA","NA","NA","NA","NA","NA"
"91","Spar_XI_RaGOO",492806,"GTT","Spar_XI_RaGOO",492806,"T","A","NA","NA","NA","NA","NA","NA","NA","NA","NA","NA","NA","NA","NA","NA","NA","NA","NA","NA","NA","NA","NA","NA","NA","NA","NA","NA","GTT","NA","NA","NA","NA","NA","NA","NA","NA","NA","NA"
"92","Spar_XI_RaGOO",599158,"CAA","Spar_XI_RaGOO",599158,"A","G","NA","NA","NA","NA","NA","NA","NA","NA","NA","NA","CAA","NA","NA","NA","NA","NA","NA","NA","NA","NA","NA","NA","NA","NA","NA","NA","NA","NA","NA","NA","NA","NA","NA","NA","NA","NA","NA"
"93","Spar_XI_RaGOO",615555,"TAT","Spar_XI_RaGOO",615555,"A","G","NA","NA","NA","NA","NA","NA","NA","NA","NA","NA","NA","NA","NA","NA","NA","NA","NA","NA","NA","NA","NA","NA","NA","NA","NA","NA","NA","NA","NA","NA","NA","NA","TAT","NA","NA","NA","NA"
"94","Spar_XI_RaGOO",617482,"CGG","Spar_XI_RaGOO",617482,"G","A","NA","NA","NA","NA","NA","NA","NA","NA","NA","NA","NA","NA","NA","NA","NA","NA","NA","NA","NA","NA","NA","NA","NA","NA","NA","NA","NA","NA","NA","NA","CGG","NA","NA","NA","NA","NA","NA"
"95","Spar_XII_RaGOO",38892,"ATG","Spar_XII_RaGOO",38892,"T","C","NA","NA","NA","NA","NA","NA","NA","NA","NA","NA","NA","NA","NA","NA","NA","NA","NA","NA","NA","NA","NA","NA","NA","NA","NA","NA","NA","NA","NA","NA","NA","NA","NA","NA","NA","NA","ATG"
"96","Spar_XII_RaGOO",41068,"TCT","Spar_XII_RaGOO",41068,"C","T","NA","NA","NA","NA","NA","NA","NA","NA","NA","NA","NA","NA","NA","NA","NA","TCT","NA","NA","NA","NA","NA","NA","NA","NA","NA","NA","NA","NA","NA","NA","NA","NA","NA","NA","NA","NA","NA"
"97","Spar_XII_RaGOO",51271,"CCT","Spar_XII_RaGOO",51271,"C","T","NA","NA","NA","NA","NA","NA","NA","NA","NA","NA","NA","NA","NA","NA","NA","NA","NA","NA","NA","NA","CCT","NA","NA","NA","NA","NA","NA","NA","NA","NA","NA","NA","NA","NA","NA","NA","NA"
"98","Spar_XII_RaGOO",204811,"TTG","Spar_XII_RaGOO",204811,"T","C","NA","NA","NA","NA","NA","NA","NA","NA","NA","NA","NA","NA","NA","NA","NA","NA","NA","NA","NA","NA","NA","NA","NA","NA","NA","TTG","NA","NA","NA","NA","NA","NA","NA","NA","NA","NA","NA"
"99","Spar_XII_RaGOO",243579,"CTT","Spar_XII_RaGOO",243579,"T","C","NA","NA","NA","NA","NA","NA","NA","NA","NA","NA","NA","NA","NA","NA","NA","NA","NA","NA","NA","NA","NA","NA","NA","NA","NA","NA","CTT","NA","NA","NA","NA","NA","NA","NA","NA","NA","NA"
"100","Spar_XII_RaGOO",380525,"TCA","Spar_XII_RaGOO",380525,"C","G","NA","NA","NA","NA","NA","NA","NA","NA","NA","NA","NA","NA","NA","NA","NA","NA","NA","NA","NA","NA","NA","TCA","NA","NA","NA","NA","NA","NA","NA","NA","NA","NA","NA","NA","NA","NA","NA"
"101","Spar_XII_RaGOO",563826,"ACA","Spar_XII_RaGOO",563826,"C","A","NA","NA","NA","NA","NA","NA","NA","NA","NA","NA","NA","NA","NA","NA","ACA","NA","NA","NA","NA","NA","NA","NA","NA","NA","NA","NA","NA","NA","NA","NA","NA","NA","NA","NA","NA","NA","NA"
"102","Spar_XII_RaGOO",670612,"TCC","Spar_XII_RaGOO",670612,"C","T","NA","NA","TCC","NA","NA","NA","NA","NA","NA","NA","NA","NA","NA","NA","NA","NA","NA","NA","NA","NA","NA","NA","NA","NA","NA","NA","NA","NA","NA","NA","NA","NA","NA","NA","NA","NA","NA"
"103","Spar_XII_RaGOO",690950,"CTA","Spar_XII_RaGOO",690950,"T","G","NA","NA","NA","NA","NA","NA","NA","NA","NA","NA","NA","NA","NA","NA","NA","NA","NA","NA","NA","NA","NA","NA","NA","NA","NA","NA","CTA","NA","NA","NA","NA","NA","NA","NA","NA","NA","NA"
"104","Spar_XII_RaGOO",850337,"GCT","Spar_XII_RaGOO",850337,"C","G","NA","NA","NA","NA","NA","NA","NA","NA","NA","NA","NA","NA","NA","NA","NA","NA","NA","NA","NA","NA","NA","NA","NA","NA","NA","NA","NA","NA","NA","NA","NA","NA","NA","NA","NA","NA","GCT"
"105","Spar_XII_RaGOO",896919,"ATT","Spar_XII_RaGOO",896919,"T","A","NA","NA","NA","NA","NA","NA","NA","NA","NA","NA","ATT","NA","NA","NA","NA","NA","NA","NA","NA","NA","NA","NA","NA","NA","NA","NA","NA","NA","NA","NA","NA","NA","NA","NA","NA","NA","NA"
"106","Spar_XII_RaGOO",1008309,"CGG","Spar_XII_RaGOO",1008309,"G","A","NA","NA","NA","NA","NA","NA","NA","NA","NA","NA","NA","NA","NA","NA","NA","NA","NA","NA","NA","CGG","NA","NA","NA","NA","NA","NA","NA","NA","NA","NA","NA","NA","NA","NA","NA","NA","NA"
"107","Spar_XII_RaGOO",1031166,"TCT","Spar_XII_RaGOO",1031166,"C","A","NA","NA","NA","NA","NA","NA","NA","NA","NA","NA","NA","NA","NA","NA","NA","NA","NA","NA","NA","NA","NA","NA","NA","NA","NA","NA","NA","NA","NA","NA","NA","NA","NA","NA","NA","TCT","NA"
"108","Spar_XII_RaGOO",1055792,"TGG","Spar_XII_RaGOO",1055792,"G","A","NA","NA","NA","NA","NA","NA","NA","NA","NA","NA","NA","NA","NA","NA","NA","NA","NA","NA","NA","NA","NA","NA","NA","NA","NA","NA","NA","TGG","NA","NA","NA","NA","NA","NA","NA","NA","NA"
"109","Spar_XIII_RaGOO",48965,"TGA","Spar_XIII_RaGOO",48965,"G","T","NA","NA","NA","NA","NA","TGA","NA","NA","NA","NA","NA","NA","NA","NA","NA","NA","NA","NA","NA","NA","NA","NA","NA","NA","NA","NA","NA","NA","NA","NA","NA","NA","NA","NA","NA","NA","NA"
"110","Spar_XIII_RaGOO",152017,"GGT","Spar_XIII_RaGOO",152017,"G","A","NA","NA","GGT","NA","NA","NA","NA","NA","NA","NA","NA","NA","NA","NA","NA","NA","NA","NA","NA","NA","NA","NA","NA","NA","NA","NA","NA","NA","NA","NA","NA","NA","NA","NA","NA","NA","NA"
"111","Spar_XIII_RaGOO",166595,"GGA","Spar_XIII_RaGOO",166595,"G","T","NA","NA","NA","NA","NA","NA","NA","NA","NA","NA","NA","NA","NA","NA","NA","NA","NA","NA","NA","NA","NA","GGA","NA","NA","NA","NA","NA","NA","NA","NA","NA","NA","NA","NA","NA","NA","NA"
"112","Spar_XIII_RaGOO",234668,"CTA","Spar_XIII_RaGOO",234668,"T","G","NA","NA","NA","NA","NA","NA","NA","NA","NA","NA","NA","NA","NA","NA","NA","NA","NA","NA","NA","NA","NA","NA","NA","NA","NA","NA","NA","NA","NA","NA","NA","NA","NA","NA","NA","NA","CTA"
"113","Spar_XIII_RaGOO",285626,"AAA","Spar_XIII_RaGOO",285626,"A","T","NA","NA","NA","NA","NA","NA","NA","NA","NA","NA","NA","NA","NA","NA","NA","NA","NA","NA","NA","NA","NA","NA","NA","AAA","NA","NA","NA","NA","NA","NA","NA","NA","NA","NA","NA","NA","NA"
"114","Spar_XIII_RaGOO",335766,"GAA","Spar_XIII_RaGOO",335766,"A","T","NA","NA","NA","NA","NA","NA","GAA","NA","NA","NA","NA","NA","NA","NA","NA","NA","NA","NA","NA","NA","NA","NA","NA","NA","NA","NA","NA","NA","NA","NA","NA","NA","NA","NA","NA","NA","NA"
"115","Spar_XIII_RaGOO",459391,"AGT","Spar_XIII_RaGOO",459391,"G","T","NA","NA","NA","NA","NA","NA","NA","NA","NA","NA","NA","NA","NA","NA","NA","NA","NA","NA","NA","NA","NA","NA","NA","NA","NA","NA","NA","NA","AGT","NA","NA","NA","NA","NA","NA","NA","NA"
"116","Spar_XIII_RaGOO",531708,"CAA","Spar_XIII_RaGOO",531708,"A","T","NA","NA","NA","NA","NA","NA","CAA","NA","NA","NA","NA","NA","NA","NA","NA","NA","NA","NA","NA","NA","NA","NA","NA","NA","NA","NA","NA","NA","NA","NA","NA","NA","NA","NA","NA","NA","NA"
"117","Spar_XIII_RaGOO",599395,"GCA","Spar_XIII_RaGOO",599395,"C","A","NA","NA","NA","NA","GCA","NA","NA","NA","NA","NA","NA","NA","NA","NA","NA","NA","NA","NA","NA","NA","NA","NA","NA","NA","NA","NA","NA","NA","NA","NA","NA","NA","NA","NA","NA","NA","NA"
"118","Spar_XIII_RaGOO",652272,"GCA","Spar_XIII_RaGOO",652272,"C","A","NA","NA","NA","NA","NA","NA","NA","NA","NA","NA","NA","NA","NA","NA","NA","NA","NA","NA","NA","NA","NA","NA","NA","NA","NA","NA","NA","NA","GCA","NA","NA","NA","NA","NA","NA","NA","NA"
"119","Spar_XIV_RaGOO",144157,"TCA","Spar_XIV_RaGOO",144157,"C","G","NA","NA","NA","NA","NA","NA","NA","NA","NA","TCA","NA","NA","NA","NA","NA","NA","NA","NA","NA","NA","NA","NA","NA","NA","NA","NA","NA","NA","NA","NA","NA","NA","NA","NA","NA","NA","NA"
"120","Spar_XIV_RaGOO",149672,"TAG","Spar_XIV_RaGOO",149672,"A","T","NA","NA","NA","NA","NA","NA","NA","NA","NA","NA","NA","NA","NA","NA","NA","NA","NA","NA","NA","NA","NA","NA","NA","TAG","NA","NA","NA","NA","NA","NA","NA","NA","NA","NA","NA","NA","NA"
"121","Spar_XIV_RaGOO",219473,"GGG","Spar_XIV_RaGOO",219473,"G","A","NA","NA","NA","NA","NA","NA","NA","NA","NA","NA","NA","NA","NA","NA","NA","NA","NA","NA","NA","NA","NA","NA","NA","NA","NA","NA","NA","NA","GGG","NA","NA","NA","NA","NA","NA","NA","NA"
"122","Spar_XIV_RaGOO",243597,"AAA","Spar_XIV_RaGOO",243597,"A","C","NA","NA","AAA","NA","NA","NA","NA","NA","NA","NA","NA","NA","NA","NA","NA","NA","NA","NA","NA","NA","NA","NA","NA","NA","NA","NA","NA","NA","NA","NA","NA","NA","NA","NA","NA","NA","NA"
"123","Spar_XIV_RaGOO",284912,"ACG","Spar_XIV_RaGOO",284912,"C","A","NA","NA","NA","NA","NA","NA","NA","NA","NA","NA","NA","NA","NA","NA","NA","NA","NA","NA","NA","NA","NA","NA","NA","NA","NA","NA","NA","NA","ACG","NA","NA","NA","NA","NA","NA","NA","NA"
"124","Spar_XIV_RaGOO",314015,"CTG","Spar_XIV_RaGOO",314015,"T","G","NA","NA","NA","NA","NA","NA","NA","NA","NA","NA","NA","NA","NA","NA","NA","NA","NA","NA","NA","NA","NA","NA","NA","CTG","NA","NA","NA","NA","NA","NA","NA","NA","NA","NA","NA","NA","NA"
"125","Spar_XIV_RaGOO",377002,"TGC","Spar_XIV_RaGOO",377002,"G","C","NA","NA","NA","NA","NA","NA","NA","NA","NA","NA","NA","NA","NA","TGC","NA","NA","NA","NA","NA","NA","NA","NA","NA","NA","NA","NA","NA","NA","NA","NA","NA","NA","NA","NA","NA","NA","NA"
"126","Spar_XIV_RaGOO",686864,"CAT","Spar_XIV_RaGOO",686864,"A","C","NA","NA","NA","NA","NA","NA","NA","NA","NA","NA","NA","NA","NA","NA","NA","NA","NA","NA","NA","NA","NA","NA","NA","NA","NA","NA","NA","NA","NA","NA","NA","NA","CAT","NA","NA","NA","NA"
"127","Spar_XIV_RaGOO",696804,"GTG","Spar_XIV_RaGOO",696804,"T","C","NA","NA","NA","NA","NA","NA","NA","NA","NA","NA","NA","NA","NA","GTG","NA","NA","NA","NA","NA","NA","NA","NA","NA","NA","NA","NA","NA","NA","NA","NA","NA","NA","NA","NA","NA","NA","NA"
"128","Spar_XIV_RaGOO",715745,"TTC","Spar_XIV_RaGOO",715745,"T","A","NA","NA","NA","NA","NA","TTC","NA","NA","NA","NA","NA","NA","NA","NA","NA","NA","NA","NA","NA","NA","NA","NA","NA","NA","NA","NA","NA","NA","NA","NA","NA","NA","NA","NA","NA","NA","NA"
"129","Spar_XV_RaGOO",43895,"GCC","Spar_XV_RaGOO",43895,"C","T","NA","NA","NA","NA","NA","NA","NA","NA","NA","NA","NA","NA","GCC","NA","NA","NA","NA","NA","NA","NA","NA","NA","NA","NA","NA","NA","NA","NA","NA","NA","NA","NA","NA","NA","NA","NA","NA"
"130","Spar_XV_RaGOO",143628,"GTA","Spar_XV_RaGOO",143628,"T","A","NA","NA","NA","NA","NA","NA","NA","NA","NA","NA","NA","NA","NA","NA","NA","NA","NA","NA","NA","NA","NA","NA","NA","NA","NA","NA","GTA","NA","NA","NA","NA","NA","NA","NA","NA","NA","NA"
"131","Spar_XV_RaGOO",157864,"ACA","Spar_XV_RaGOO",157864,"C","A","NA","NA","NA","NA","NA","NA","NA","NA","NA","NA","NA","NA","NA","NA","NA","NA","NA","NA","ACA","NA","NA","NA","NA","NA","NA","NA","NA","NA","NA","NA","NA","NA","NA","NA","NA","NA","NA"
"132","Spar_XV_RaGOO",168469,"AAA","Spar_XV_RaGOO",168469,"A","T","NA","NA","NA","NA","NA","NA","NA","NA","NA","NA","NA","AAA","NA","NA","NA","NA","NA","NA","NA","NA","NA","NA","NA","NA","NA","NA","NA","NA","NA","NA","NA","NA","NA","NA","NA","NA","NA"
"133","Spar_XV_RaGOO",169628,"GAC","Spar_XV_RaGOO",169628,"A","G","NA","NA","NA","NA","NA","NA","NA","GAC","NA","NA","NA","NA","NA","NA","NA","NA","NA","NA","NA","NA","NA","NA","NA","NA","NA","NA","NA","NA","NA","NA","NA","NA","NA","NA","NA","NA","NA"
"134","Spar_XV_RaGOO",308670,"TAA","Spar_XV_RaGOO",308670,"A","G","NA","NA","NA","NA","NA","NA","NA","NA","NA","NA","NA","NA","NA","NA","NA","NA","NA","NA","NA","NA","NA","NA","NA","NA","NA","NA","TAA","NA","NA","NA","NA","NA","NA","NA","NA","NA","NA"
"135","Spar_XV_RaGOO",398923,"GTG","Spar_XV_RaGOO",398923,"T","G","NA","NA","NA","NA","NA","NA","NA","NA","NA","NA","NA","GTG","NA","NA","NA","NA","NA","NA","NA","NA","NA","NA","NA","NA","NA","NA","NA","NA","NA","NA","NA","NA","NA","NA","NA","NA","NA"
"136","Spar_XV_RaGOO",459199,"CGA","Spar_XV_RaGOO",459199,"G","A","NA","NA","NA","NA","NA","NA","NA","NA","NA","NA","NA","NA","NA","NA","NA","NA","NA","NA","NA","NA","NA","NA","NA","NA","NA","NA","NA","NA","NA","NA","CGA","NA","NA","NA","NA","NA","NA"
"137","Spar_XV_RaGOO",515919,"TGC","Spar_XV_RaGOO",515919,"G","T","NA","NA","NA","NA","NA","NA","NA","NA","NA","NA","NA","NA","NA","TGC","NA","NA","NA","NA","NA","NA","NA","NA","NA","NA","NA","NA","NA","NA","NA","NA","NA","NA","NA","NA","NA","NA","NA"
"138","Spar_XV_RaGOO",594994,"GTA","Spar_XV_RaGOO",594994,"T","A","NA","NA","NA","NA","NA","NA","NA","NA","NA","NA","NA","NA","NA","NA","NA","NA","NA","NA","NA","NA","NA","NA","NA","NA","NA","NA","NA","NA","NA","NA","GTA","NA","NA","NA","NA","NA","NA"
"139","Spar_XV_RaGOO",595801,"ACG","Spar_XV_RaGOO",595801,"C","A","NA","NA","NA","NA","NA","NA","NA","NA","NA","ACG","NA","NA","NA","NA","NA","NA","NA","NA","NA","NA","NA","NA","NA","NA","NA","NA","NA","NA","NA","NA","NA","NA","NA","NA","NA","NA","NA"
"140","Spar_XV_RaGOO",665509,"GCT","Spar_XV_RaGOO",665509,"C","A","NA","NA","NA","NA","NA","NA","NA","NA","NA","NA","NA","NA","NA","GCT","NA","NA","NA","NA","NA","NA","NA","NA","NA","NA","NA","NA","NA","NA","NA","NA","NA","NA","NA","NA","NA","NA","NA"
"141","Spar_XV_RaGOO",822224,"TCA","Spar_XV_RaGOO",822224,"C","G","NA","NA","NA","NA","NA","NA","NA","NA","NA","NA","NA","NA","NA","NA","NA","NA","NA","NA","TCA","NA","NA","NA","NA","NA","NA","NA","NA","NA","NA","NA","NA","NA","NA","NA","NA","NA","NA"
"142","Spar_XV_RaGOO",904452,"TAG","Spar_XV_RaGOO",904452,"A","C","NA","NA","NA","NA","NA","NA","NA","NA","NA","NA","NA","NA","NA","NA","NA","NA","NA","NA","NA","NA","NA","NA","NA","NA","NA","NA","NA","NA","NA","NA","NA","NA","NA","NA","TAG","NA","NA"
"143","Spar_XVI_RaGOO",188183,"GAA","Spar_XVI_RaGOO",188183,"A","G","NA","NA","NA","NA","NA","NA","NA","NA","NA","NA","NA","NA","NA","NA","NA","NA","NA","NA","NA","NA","NA","NA","NA","NA","NA","NA","NA","NA","GAA","NA","NA","NA","NA","NA","NA","NA","NA"
"144","Spar_XVI_RaGOO",243783,"TGC","Spar_XVI_RaGOO",243783,"G","T","NA","NA","NA","NA","NA","NA","NA","NA","NA","NA","NA","NA","NA","NA","NA","NA","NA","NA","NA","NA","NA","NA","NA","NA","NA","NA","NA","NA","NA","NA","NA","NA","NA","NA","TGC","NA","NA"
"145","Spar_XVI_RaGOO",374635,"GAA","Spar_XVI_RaGOO",374635,"A","G","NA","NA","NA","NA","NA","NA","NA","NA","NA","NA","NA","NA","NA","NA","NA","NA","NA","NA","NA","NA","GAA","NA","NA","NA","NA","NA","NA","NA","NA","NA","NA","NA","NA","NA","NA","NA","NA"
"146","Spar_XVI_RaGOO",461768,"TAC","Spar_XVI_RaGOO",461768,"A","G","NA","NA","NA","NA","NA","NA","NA","NA","NA","NA","NA","NA","NA","NA","NA","NA","NA","NA","NA","NA","NA","NA","NA","NA","NA","NA","TAC","NA","NA","NA","NA","NA","NA","NA","NA","NA","NA"
"147","Spar_XVI_RaGOO",747774,"CCA","Spar_XVI_RaGOO",747774,"C","T","NA","NA","NA","NA","NA","NA","NA","NA","NA","NA","NA","NA","NA","NA","NA","NA","NA","NA","NA","NA","NA","NA","NA","NA","NA","NA","CCA","NA","NA","NA","NA","NA","NA","NA","NA","NA","NA"
"148","Spar_XVI_RaGOO",751715,"AGA","Spar_XVI_RaGOO",751715,"G","C","NA","NA","NA","NA","NA","NA","AGA","NA","NA","NA","NA","NA","NA","NA","NA","NA","NA","NA","NA","NA","NA","NA","NA","NA","NA","NA","NA","NA","NA","NA","NA","NA","NA","NA","NA","NA","NA"
"149","Spar_XVI_RaGOO",804149,"TGA","Spar_XVI_RaGOO",804149,"G","A","NA","NA","NA","NA","NA","NA","NA","NA","NA","NA","NA","NA","NA","NA","NA","NA","NA","NA","NA","NA","NA","NA","TGA","NA","NA","NA","NA","NA","NA","NA","NA","NA","NA","NA","NA","NA","NA"
"150","Spar_XVI_RaGOO",811533,"AAT","Spar_XVI_RaGOO",811533,"A","C","NA","NA","NA","NA","NA","NA","NA","NA","NA","NA","NA","NA","NA","NA","NA","NA","NA","NA","NA","NA","NA","NA","AAT","NA","NA","NA","NA","NA","NA","NA","NA","NA","NA","NA","NA","NA","NA"
"151","Spar_XVI_RaGOO",850209,"CCC","Spar_XVI_RaGOO",850209,"C","T","NA","NA","NA","NA","NA","NA","NA","NA","NA","CCC","NA","NA","NA","NA","NA","NA","NA","NA","NA","NA","NA","NA","NA","NA","NA","NA","NA","NA","NA","NA","NA","NA","NA","NA","NA","NA","NA"
"152","Spar_XVI_RaGOO",866647,"CCT","Spar_XVI_RaGOO",866647,"C","T","NA","NA","NA","NA","NA","NA","NA","NA","NA","NA","NA","NA","NA","NA","NA","NA","NA","NA","NA","NA","NA","NA","NA","NA","NA","NA","NA","CCT","NA","NA","NA","NA","NA","NA","NA","NA","NA"
