"","START","CHROM","END","CONTEXT","#CHROM","REF","ALT","D1-A","D1-1","D1-23","D1-43","D1-6","D1-11","D1-12","D1-13","D1-14","D1-15","D1-17","D1-18","D1-19","D1-2","D1-20","D1-24","D1-27","D1-28","D1-29","D1-3","D1-30","D1-31","D1-32","D1-33","D1-35","D1-36","D1-37","D1-4","D1-40","D1-42","D1-46","D1-5","D1-7","D1-9"
"1","24566","Spar_X_RaGOO","24567","AGT","Spar_X_RaGOO","G","T","A/A","A/A","A/A","A/A","A/A","A/A","A/A","A/A","A/A","A/A","A/A","A/A","A/A","AGT","A/A","A/A","A/A","A/A","A/A","A/A","A/A","A/A","A/A","A/A","A/A","A/A","A/A","A/A","A/A","A/A","A/A","A/A","A/A","A/A"
"2","33504","Spar_II_RaGOO","33505","AGA","Spar_II_RaGOO","G","T","A/A","A/A","A/A","A/A","A/A","A/A","A/A","A/A","A/A","A/A","A/A","A/A","A/A","A/A","A/A","A/A","A/A","A/A","A/A","A/A","A/A","A/A","A/A","A/A","A/A","A/A","A/A","A/A","A/A","AGA","A/A","A/A","A/A","A/A"
"3","56581","Spar_XVI_RaGOO","56582","AAT","Spar_XVI_RaGOO","A","T","A/A","A/A","A/A","A/A","A/A","A/A","A/A","A/A","A/A","A/A","A/A","A/A","A/A","A/A","A/A","A/A","A/A","A/A","A/A","A/A","A/A","AAT","A/A","A/A","A/A","A/A","A/A","A/A","A/A","A/A","A/A","A/A","A/A","A/A"
"4","58687","Spar_X_RaGOO","58688","ATA","Spar_X_RaGOO","T","G","A/A","A/A","A/A","A/A","A/A","A/A","A/A","A/A","A/A","A/A","A/A","A/A","A/A","A/A","A/A","A/A","A/A","A/A","A/A","A/A","A/A","A/A","A/A","A/A","A/A","A/A","A/A","A/A","A/A","A/A","A/A","A/A","ATA","A/A"
"5","59799","Spar_XV_RaGOO","59800","TAT","Spar_XV_RaGOO","A","T","A/A","A/A","A/A","A/A","A/A","A/A","A/A","A/A","A/A","A/A","A/A","A/A","A/A","A/A","A/A","A/A","A/A","A/A","A/A","A/A","A/A","A/A","A/A","A/A","A/A","A/A","A/A","A/A","A/A","A/A","A/A","A/A","TAT","A/A"
"6","69670","Spar_I_RaGOO","69671","TGC","Spar_I_RaGOO","G","T","A/A","A/A","A/A","A/A","TGC","A/A","A/A","A/A","A/A","A/A","A/A","A/A","A/A","A/A","A/A","A/A","A/A","A/A","A/A","A/A","A/A","A/A","A/A","A/A","A/A","A/A","A/A","A/A","A/A","A/A","A/A","A/A","A/A","A/A"
"7","71205","Spar_II_RaGOO","71206","TCG","Spar_II_RaGOO","C","T","A/A","A/A","TCG","A/A","A/A","A/A","A/A","A/A","A/A","A/A","A/A","A/A","A/A","A/A","A/A","A/A","A/A","A/A","A/A","A/A","A/A","A/A","A/A","A/A","A/A","A/A","A/A","A/A","A/A","A/A","A/A","A/A","A/A","A/A"
"8","71565","Spar_II_RaGOO","71566","TCT","Spar_II_RaGOO","C","T","A/A","A/A","A/A","A/A","A/A","A/A","A/A","A/A","A/A","A/A","A/A","TCT","A/A","A/A","A/A","A/A","A/A","A/A","A/A","A/A","A/A","A/A","A/A","A/A","A/A","A/A","A/A","A/A","A/A","A/A","A/A","A/A","A/A","A/A"
"9","77938","Spar_IV_RaGOO","77939","TCG","Spar_IV_RaGOO","C","T","A/A","A/A","A/A","A/A","A/A","A/A","A/A","A/A","A/A","A/A","A/A","A/A","TCG","A/A","A/A","A/A","A/A","A/A","A/A","A/A","A/A","A/A","A/A","A/A","A/A","A/A","A/A","A/A","A/A","A/A","A/A","A/A","A/A","A/A"
"10","80223","Spar_XII_RaGOO","80224","CCT","Spar_XII_RaGOO","C","T","A/A","A/A","CCT","A/A","A/A","A/A","A/A","A/A","A/A","A/A","A/A","A/A","A/A","A/A","A/A","A/A","A/A","A/A","A/A","A/A","A/A","A/A","A/A","A/A","A/A","A/A","A/A","A/A","A/A","A/A","A/A","A/A","A/A","A/A"
"11","80682","Spar_XVI_RaGOO","80683","AAT","Spar_XVI_RaGOO","A","T","A/A","A/A","A/A","A/A","A/A","A/A","A/A","A/A","A/A","A/A","A/A","A/A","A/A","A/A","A/A","A/A","A/A","A/A","A/A","A/A","A/A","A/A","A/A","A/A","AAT","A/A","A/A","A/A","A/A","A/A","A/A","A/A","A/A","A/A"
"12","83424","Spar_XIV_RaGOO","83425","CCT","Spar_XIV_RaGOO","C","A","A/A","A/A","A/A","A/A","A/A","A/A","A/A","A/A","A/A","A/A","A/A","A/A","A/A","CCT","A/A","A/A","A/A","A/A","A/A","A/A","A/A","A/A","A/A","A/A","A/A","A/A","A/A","A/A","A/A","A/A","A/A","A/A","A/A","A/A"
"13","85282","Spar_XIII_RaGOO","85283","TCA","Spar_XIII_RaGOO","C","T","A/A","A/A","A/A","A/A","A/A","TCA","A/A","A/A","A/A","A/A","A/A","A/A","A/A","A/A","A/A","A/A","A/A","A/A","A/A","A/A","A/A","A/A","A/A","A/A","A/A","A/A","A/A","A/A","A/A","A/A","A/A","A/A","A/A","A/A"
"14","89984","Spar_XI_RaGOO","89985","GAA","Spar_XI_RaGOO","A","G","A/A","A/A","A/A","A/A","A/A","A/A","A/A","A/A","A/A","A/A","A/A","A/A","A/A","A/A","A/A","A/A","A/A","A/A","GAA","A/A","A/A","A/A","A/A","A/A","A/A","A/A","A/A","A/A","A/A","A/A","A/A","A/A","A/A","A/A"
"15","93845","Spar_XI_RaGOO","93846","AGA","Spar_XI_RaGOO","G","T","A/A","A/A","A/A","A/A","A/A","A/A","A/A","A/A","A/A","A/A","A/A","A/A","A/A","A/A","A/A","A/A","A/A","A/A","A/A","A/A","A/A","A/A","A/A","AGA","A/A","A/A","A/A","A/A","A/A","A/A","A/A","A/A","A/A","A/A"
"16","99450","Spar_III_RaGOO","99451","CAG","Spar_III_RaGOO","A","C","A/A","A/A","A/A","A/A","A/A","A/A","CAG","A/A","A/A","A/A","A/A","A/A","A/A","A/A","A/A","A/A","A/A","A/A","A/A","A/A","A/A","A/A","A/A","A/A","A/A","A/A","A/A","A/A","A/A","A/A","A/A","A/A","A/A","A/A"
"17","103414","Spar_XIV_RaGOO","103415","CTA","Spar_XIV_RaGOO","T","C","A/A","A/A","A/A","A/A","A/A","A/A","A/A","A/A","A/A","A/A","A/A","A/A","A/A","A/A","A/A","A/A","A/A","CTA","A/A","A/A","A/A","A/A","A/A","A/A","A/A","A/A","A/A","A/A","A/A","A/A","A/A","A/A","A/A","A/A"
"18","108753","Spar_VII_RaGOO","108754","AGC","Spar_VII_RaGOO","G","T","A/A","A/A","A/A","A/A","AGC","A/A","A/A","A/A","A/A","A/A","A/A","A/A","A/A","A/A","A/A","A/A","A/A","A/A","A/A","A/A","A/A","A/A","A/A","A/A","A/A","A/A","A/A","A/A","A/A","A/A","A/A","A/A","A/A","A/A"
"19","122326","Spar_XIII_RaGOO","122327","GGA","Spar_XIII_RaGOO","G","A","A/A","A/A","A/A","A/A","A/A","A/A","A/A","A/A","A/A","A/A","A/A","A/A","A/A","A/A","A/A","A/A","A/A","A/A","A/A","A/A","A/A","A/A","A/A","A/A","A/A","A/A","A/A","GGA","A/A","A/A","A/A","A/A","A/A","A/A"
"20","128726","Spar_III_RaGOO","128727","GAG","Spar_III_RaGOO","A","C","A/A","A/A","A/A","A/A","A/A","A/A","A/A","A/A","A/A","A/A","A/A","A/A","A/A","A/A","A/A","A/A","A/A","A/A","A/A","A/A","A/A","A/A","A/A","A/A","A/A","A/A","A/A","A/A","A/A","GAG","A/A","A/A","A/A","A/A"
"21","130790","Spar_III_RaGOO","130791","GAT","Spar_III_RaGOO","A","G","A/A","A/A","A/A","A/A","A/A","A/A","A/A","A/A","A/A","GAT","A/A","A/A","A/A","A/A","A/A","A/A","A/A","A/A","A/A","A/A","A/A","A/A","A/A","A/A","A/A","A/A","A/A","A/A","A/A","A/A","A/A","A/A","A/A","A/A"
"22","138722","Spar_III_RaGOO","138723","TAA","Spar_III_RaGOO","A","G","A/A","A/A","A/A","A/A","A/A","A/A","A/A","A/A","A/A","A/A","A/A","TAA","A/A","A/A","A/A","A/A","A/A","A/A","A/A","A/A","A/A","A/A","A/A","A/A","A/A","A/A","A/A","A/A","A/A","A/A","A/A","A/A","A/A","A/A"
"23","144301","Spar_XII_RaGOO","144302","GGT","Spar_XII_RaGOO","G","C","A/A","A/A","A/A","A/A","A/A","A/A","A/A","A/A","A/A","A/A","A/A","A/A","A/A","A/A","A/A","A/A","A/A","A/A","A/A","A/A","A/A","A/A","A/A","A/A","A/A","A/A","A/A","GGT","A/A","A/A","A/A","A/A","A/A","A/A"
"24","147745","Spar_XVI_RaGOO","147746","CAG","Spar_XVI_RaGOO","A","G","A/A","A/A","A/A","A/A","A/A","A/A","A/A","A/A","A/A","A/A","A/A","A/A","A/A","A/A","A/A","A/A","A/A","A/A","A/A","A/A","A/A","A/A","A/A","A/A","A/A","A/A","A/A","A/A","A/A","A/A","A/A","A/A","A/A","CAG"
"25","151086","Spar_XV_RaGOO","151087","CCG","Spar_XV_RaGOO","C","T","A/A","A/A","A/A","A/A","A/A","A/A","CCG","A/A","A/A","A/A","A/A","A/A","A/A","A/A","A/A","A/A","A/A","A/A","A/A","A/A","A/A","A/A","A/A","A/A","A/A","A/A","A/A","A/A","A/A","A/A","A/A","A/A","A/A","A/A"
"26","152719","Spar_XI_RaGOO","152720","CGT","Spar_XI_RaGOO","G","A","A/A","A/A","A/A","A/A","A/A","A/A","A/A","A/A","A/A","A/A","A/A","A/A","A/A","A/A","A/A","A/A","A/A","CGT","A/A","A/A","A/A","A/A","A/A","A/A","A/A","A/A","A/A","A/A","A/A","A/A","A/A","A/A","A/A","A/A"
"27","157232","Spar_XV_RaGOO","157233","AGC","Spar_XV_RaGOO","G","A","A/A","A/A","A/A","A/A","A/A","A/A","A/A","A/A","A/A","A/A","A/A","A/A","A/A","A/A","A/A","A/A","A/A","A/A","AGC","A/A","A/A","A/A","A/A","A/A","A/A","A/A","A/A","A/A","A/A","A/A","A/A","A/A","A/A","A/A"
"28","163094","Spar_I_RaGOO","163095","GAC","Spar_I_RaGOO","A","G","A/A","A/A","A/A","A/A","A/A","A/A","A/A","A/A","A/A","GAC","A/A","A/A","A/A","A/A","A/A","A/A","A/A","A/A","A/A","A/A","A/A","A/A","A/A","A/A","A/A","A/A","A/A","A/A","A/A","A/A","A/A","A/A","A/A","A/A"
"29","168493","Spar_IV_RaGOO","168494","AGT","Spar_IV_RaGOO","G","T","A/A","A/A","A/A","A/A","A/A","A/A","A/A","A/A","A/A","A/A","A/A","A/A","A/A","A/A","A/A","AGT","A/A","A/A","A/A","A/A","A/A","A/A","A/A","A/A","A/A","A/A","A/A","A/A","A/A","A/A","A/A","A/A","A/A","A/A"
"30","171750","Spar_XV_RaGOO","171751","GAT","Spar_XV_RaGOO","A","G","A/A","A/A","A/A","A/A","A/A","A/A","GAT","A/A","A/A","A/A","A/A","A/A","A/A","A/A","A/A","A/A","A/A","A/A","A/A","A/A","A/A","A/A","A/A","A/A","A/A","A/A","A/A","A/A","A/A","A/A","A/A","A/A","A/A","A/A"
"31","174976","Spar_XIV_RaGOO","174977","CAC","Spar_XIV_RaGOO","A","G","A/A","A/A","A/A","A/A","A/A","A/A","A/A","A/A","A/A","A/A","A/A","A/A","A/A","A/A","A/A","A/A","A/A","CAC","A/A","A/A","A/A","A/A","A/A","A/A","A/A","A/A","A/A","A/A","A/A","A/A","A/A","A/A","A/A","A/A"
"32","178001","Spar_XIII_RaGOO","178002","GAT","Spar_XIII_RaGOO","A","G","A/A","A/A","A/A","A/A","A/A","A/A","GAT","A/A","A/A","A/A","A/A","A/A","A/A","A/A","A/A","A/A","A/A","A/A","A/A","A/A","A/A","A/A","A/A","A/A","A/A","A/A","A/A","A/A","A/A","A/A","A/A","A/A","A/A","A/A"
"33","181528","Spar_III_RaGOO","181529","CAA","Spar_III_RaGOO","A","C","A/A","A/A","A/A","A/A","A/A","A/A","A/A","A/A","A/A","A/A","A/A","A/A","A/A","A/A","A/A","A/A","A/A","A/A","A/A","A/A","A/A","A/A","A/A","A/A","A/A","A/A","A/A","A/A","A/A","A/A","CAA","A/A","A/A","A/A"
"34","185250","Spar_IV_RaGOO","185251","ACG","Spar_IV_RaGOO","C","T","A/A","A/A","A/A","A/A","A/A","A/A","A/A","A/A","A/A","A/A","A/A","A/A","A/A","A/A","A/A","A/A","A/A","A/A","ACG","A/A","A/A","A/A","A/A","A/A","A/A","A/A","A/A","A/A","A/A","A/A","A/A","A/A","A/A","A/A"
"35","187241","Spar_VIII_RaGOO","187242","AGA","Spar_VIII_RaGOO","G","A","A/A","A/A","A/A","A/A","A/A","A/A","A/A","A/A","A/A","A/A","A/A","A/A","A/A","A/A","A/A","A/A","A/A","A/A","A/A","AGA","A/A","A/A","A/A","A/A","A/A","A/A","A/A","A/A","A/A","A/A","A/A","A/A","A/A","A/A"
"36","190553","Spar_IX_RaGOO","190554","TGT","Spar_IX_RaGOO","G","T","A/A","A/A","A/A","A/A","A/A","A/A","A/A","A/A","A/A","A/A","A/A","A/A","A/A","A/A","A/A","A/A","A/A","A/A","A/A","A/A","A/A","A/A","A/A","A/A","A/A","A/A","TGT","A/A","A/A","A/A","A/A","A/A","A/A","A/A"
"37","194579","Spar_VII_RaGOO","194580","CTC","Spar_VII_RaGOO","T","C","A/A","A/A","A/A","CTC","A/A","A/A","A/A","A/A","A/A","A/A","A/A","A/A","A/A","A/A","A/A","A/A","A/A","A/A","A/A","A/A","A/A","A/A","A/A","A/A","A/A","A/A","A/A","A/A","A/A","A/A","A/A","A/A","A/A","A/A"
"38","199955","Spar_III_RaGOO","199956","GTA","Spar_III_RaGOO","T","C","A/A","A/A","A/A","A/A","A/A","A/A","A/A","A/A","A/A","A/A","A/A","A/A","A/A","A/A","A/A","A/A","A/A","A/A","A/A","A/A","A/A","A/A","A/A","A/A","A/A","A/A","A/A","A/A","A/A","GTA","A/A","A/A","A/A","A/A"
"39","201130","Spar_IX_RaGOO","201131","TTT","Spar_IX_RaGOO","T","G","A/A","A/A","A/A","A/A","A/A","A/A","A/A","A/A","A/A","A/A","TTT","A/A","A/A","A/A","A/A","A/A","A/A","A/A","A/A","A/A","A/A","A/A","A/A","A/A","A/A","A/A","A/A","A/A","A/A","A/A","A/A","A/A","A/A","A/A"
"40","201527","Spar_IX_RaGOO","201528","GCT","Spar_IX_RaGOO","C","G","A/A","A/A","A/A","A/A","A/A","A/A","A/A","A/A","A/A","A/A","A/A","A/A","A/A","A/A","A/A","A/A","A/A","A/A","A/A","A/A","A/A","A/A","A/A","A/A","A/A","A/A","A/A","A/A","GCT","A/A","A/A","A/A","A/A","A/A"
"41","204956","Spar_IV_RaGOO","204957","TAG","Spar_IV_RaGOO","A","C","A/A","A/A","A/A","A/A","A/A","A/A","A/A","A/A","A/A","TAG","A/A","A/A","A/A","A/A","A/A","A/A","A/A","A/A","A/A","A/A","A/A","A/A","A/A","A/A","A/A","A/A","A/A","A/A","A/A","A/A","A/A","A/A","A/A","A/A"
"42","208458","Spar_XVI_RaGOO","208459","TAA","Spar_XVI_RaGOO","A","G","A/A","A/A","A/A","A/A","A/A","A/A","A/A","A/A","A/A","A/A","A/A","A/A","A/A","A/A","A/A","A/A","A/A","A/A","A/A","A/A","TAA","A/A","A/A","A/A","A/A","A/A","A/A","A/A","A/A","A/A","A/A","A/A","A/A","A/A"
"43","210673","Spar_II_RaGOO","210674","AGG","Spar_II_RaGOO","G","T","A/A","AGG","A/A","A/A","A/A","A/A","A/A","A/A","A/A","A/A","A/A","A/A","A/A","A/A","A/A","A/A","A/A","A/A","A/A","A/A","A/A","A/A","A/A","A/A","A/A","A/A","A/A","A/A","A/A","A/A","A/A","A/A","A/A","A/A"
"44","214951","Spar_III_RaGOO","214952","ATT","Spar_III_RaGOO","T","G","A/A","A/A","A/A","A/A","A/A","A/A","A/A","A/A","A/A","A/A","A/A","A/A","A/A","A/A","A/A","A/A","A/A","A/A","A/A","A/A","A/A","A/A","A/A","A/A","A/A","A/A","A/A","A/A","A/A","A/A","A/A","A/A","A/A","ATT"
"45","215144","Spar_XIII_RaGOO","215145","GTG","Spar_XIII_RaGOO","T","G","A/A","A/A","A/A","A/A","A/A","A/A","A/A","A/A","A/A","A/A","A/A","A/A","A/A","A/A","A/A","A/A","A/A","A/A","A/A","A/A","GTG","A/A","A/A","A/A","A/A","A/A","A/A","A/A","A/A","A/A","A/A","A/A","A/A","A/A"
"46","216121","Spar_IV_RaGOO","216122","ACG","Spar_IV_RaGOO","C","T","A/A","A/A","A/A","A/A","A/A","A/A","A/A","A/A","A/A","A/A","A/A","A/A","A/A","ACG","A/A","A/A","A/A","A/A","A/A","A/A","A/A","A/A","A/A","A/A","A/A","A/A","A/A","A/A","A/A","A/A","A/A","A/A","A/A","A/A"
"47","216338","Spar_X_RaGOO","216339","CCG","Spar_X_RaGOO","C","T","A/A","A/A","CCG","A/A","A/A","A/A","A/A","A/A","A/A","A/A","A/A","A/A","A/A","A/A","A/A","A/A","A/A","A/A","A/A","A/A","A/A","A/A","A/A","A/A","A/A","A/A","A/A","A/A","A/A","A/A","A/A","A/A","A/A","A/A"
"48","221948","Spar_VIII_RaGOO","221949","AAG","Spar_VIII_RaGOO","A","G","A/A","A/A","A/A","A/A","A/A","A/A","A/A","A/A","A/A","AAG","A/A","A/A","A/A","A/A","A/A","A/A","A/A","A/A","A/A","A/A","A/A","A/A","A/A","A/A","A/A","A/A","A/A","A/A","A/A","A/A","A/A","A/A","A/A","A/A"
"49","223839","Spar_X_RaGOO","223840","AGA","Spar_X_RaGOO","G","T","A/A","A/A","A/A","A/A","A/A","A/A","A/A","A/A","A/A","A/A","A/A","A/A","A/A","AGA","A/A","A/A","A/A","A/A","A/A","A/A","A/A","A/A","A/A","A/A","A/A","A/A","A/A","A/A","A/A","A/A","A/A","A/A","A/A","A/A"
"50","224116","Spar_IV_RaGOO","224117","ATT","Spar_IV_RaGOO","T","A","A/A","A/A","A/A","A/A","A/A","A/A","A/A","A/A","A/A","A/A","A/A","A/A","A/A","A/A","A/A","A/A","A/A","A/A","ATT","A/A","A/A","A/A","A/A","A/A","A/A","A/A","A/A","A/A","A/A","A/A","A/A","A/A","A/A","A/A"
"51","224866","Spar_IX_RaGOO","224867","TGA","Spar_IX_RaGOO","G","T","A/A","A/A","A/A","A/A","A/A","A/A","A/A","A/A","A/A","A/A","A/A","A/A","A/A","A/A","A/A","A/A","A/A","A/A","A/A","A/A","A/A","A/A","A/A","A/A","A/A","TGA","A/A","A/A","A/A","A/A","A/A","A/A","A/A","A/A"
"52","225905","Spar_XVI_RaGOO","225906","TTC","Spar_XVI_RaGOO","T","C","A/A","A/A","A/A","A/A","A/A","A/A","A/A","A/A","A/A","A/A","A/A","A/A","A/A","A/A","A/A","A/A","TTC","A/A","A/A","A/A","A/A","A/A","A/A","A/A","A/A","A/A","A/A","A/A","A/A","A/A","A/A","A/A","A/A","A/A"
"53","228982","Spar_XI_RaGOO","228983","AAT","Spar_XI_RaGOO","A","G","A/A","A/A","A/A","A/A","A/A","A/A","A/A","A/A","A/A","A/A","A/A","A/A","A/A","A/A","A/A","A/A","A/A","A/A","A/A","A/A","A/A","A/A","A/A","A/A","A/A","A/A","A/A","A/A","A/A","A/A","A/A","A/A","A/A","AAT"
"54","229177","Spar_XII_RaGOO","229178","AGT","Spar_XII_RaGOO","G","A","A/A","AGT","A/A","A/A","A/A","A/A","A/A","A/A","A/A","A/A","A/A","A/A","A/A","A/A","A/A","A/A","A/A","A/A","A/A","A/A","A/A","A/A","A/A","A/A","A/A","A/A","A/A","A/A","A/A","A/A","A/A","A/A","A/A","A/A"
"55","230639","Spar_VI_RaGOO","230640","TGT","Spar_VI_RaGOO","G","T","A/A","A/A","A/A","A/A","A/A","A/A","A/A","A/A","TGT","A/A","A/A","A/A","A/A","A/A","A/A","A/A","A/A","A/A","A/A","A/A","A/A","A/A","A/A","A/A","A/A","A/A","A/A","A/A","A/A","A/A","A/A","A/A","A/A","A/A"
"56","235262","Spar_XIV_RaGOO","235263","TCT","Spar_XIV_RaGOO","C","A","A/A","A/A","A/A","A/A","A/A","A/A","A/A","TCT","A/A","A/A","A/A","A/A","A/A","A/A","A/A","A/A","A/A","A/A","A/A","A/A","A/A","A/A","A/A","A/A","A/A","A/A","A/A","A/A","A/A","A/A","A/A","A/A","A/A","A/A"
"57","242865","Spar_XVI_RaGOO","242866","TTC","Spar_XVI_RaGOO","T","C","A/A","A/A","A/A","A/A","A/A","A/A","A/A","A/A","A/A","A/A","A/A","TTC","A/A","A/A","A/A","A/A","A/A","A/A","A/A","A/A","A/A","A/A","A/A","A/A","A/A","A/A","A/A","A/A","A/A","A/A","A/A","A/A","A/A","A/A"
"58","252285","Spar_XVI_RaGOO","252286","ACC","Spar_XVI_RaGOO","C","G","A/A","A/A","A/A","A/A","A/A","A/A","A/A","A/A","A/A","A/A","A/A","A/A","A/A","A/A","A/A","A/A","A/A","A/A","A/A","A/A","A/A","A/A","A/A","A/A","A/A","A/A","A/A","A/A","A/A","A/A","ACC","A/A","A/A","A/A"
"59","258578","Spar_XV_RaGOO","258579","CCG","Spar_XV_RaGOO","C","T","A/A","A/A","A/A","A/A","A/A","A/A","A/A","A/A","A/A","A/A","A/A","A/A","A/A","A/A","A/A","A/A","A/A","A/A","A/A","A/A","A/A","A/A","A/A","A/A","A/A","A/A","CCG","A/A","A/A","A/A","A/A","A/A","A/A","A/A"
"60","269207","Spar_IX_RaGOO","269208","TTA","Spar_IX_RaGOO","T","G","A/A","A/A","A/A","A/A","A/A","A/A","A/A","A/A","A/A","A/A","A/A","A/A","A/A","TTA","A/A","A/A","A/A","A/A","A/A","A/A","A/A","A/A","A/A","A/A","A/A","A/A","A/A","A/A","A/A","A/A","A/A","A/A","A/A","A/A"
"61","272417","Spar_IX_RaGOO","272418","CGA","Spar_IX_RaGOO","G","C","A/A","A/A","A/A","A/A","A/A","A/A","A/A","A/A","A/A","A/A","A/A","A/A","A/A","A/A","A/A","A/A","A/A","A/A","A/A","A/A","A/A","A/A","A/A","A/A","A/A","A/A","A/A","A/A","A/A","A/A","A/A","CGA","A/A","A/A"
"62","277069","Spar_X_RaGOO","277070","ACG","Spar_X_RaGOO","C","T","A/A","A/A","A/A","A/A","A/A","A/A","ACG","A/A","A/A","A/A","A/A","A/A","A/A","A/A","A/A","A/A","A/A","A/A","A/A","A/A","A/A","A/A","A/A","A/A","A/A","A/A","A/A","A/A","A/A","A/A","A/A","A/A","A/A","A/A"
"63","289463","Spar_X_RaGOO","289464","TAA","Spar_X_RaGOO","A","T","A/A","A/A","A/A","A/A","A/A","A/A","A/A","A/A","A/A","A/A","A/A","A/A","A/A","A/A","A/A","A/A","A/A","A/A","A/A","A/A","A/A","A/A","A/A","TAA","A/A","A/A","A/A","A/A","A/A","A/A","A/A","A/A","A/A","A/A"
"64","295421","Spar_VIII_RaGOO","295422","CGA","Spar_VIII_RaGOO","G","C","A/A","A/A","A/A","A/A","A/A","A/A","A/A","A/A","A/A","A/A","A/A","A/A","A/A","A/A","A/A","A/A","A/A","A/A","A/A","A/A","A/A","A/A","A/A","A/A","A/A","A/A","A/A","A/A","A/A","CGA","A/A","A/A","A/A","A/A"
"65","298346","Spar_XVI_RaGOO","298347","TCG","Spar_XVI_RaGOO","C","A","A/A","A/A","A/A","A/A","A/A","A/A","A/A","A/A","A/A","A/A","A/A","A/A","A/A","A/A","A/A","A/A","A/A","A/A","A/A","TCG","A/A","A/A","A/A","A/A","A/A","A/A","A/A","A/A","A/A","A/A","A/A","A/A","A/A","A/A"
"66","298815","Spar_XIV_RaGOO","298816","TTT","Spar_XIV_RaGOO","T","C","A/A","A/A","A/A","A/A","A/A","A/A","A/A","A/A","A/A","A/A","A/A","A/A","A/A","A/A","A/A","A/A","A/A","A/A","A/A","A/A","A/A","A/A","A/A","A/A","A/A","TTT","A/A","A/A","A/A","A/A","A/A","A/A","A/A","A/A"
"67","310027","Spar_VIII_RaGOO","310028","CCA","Spar_VIII_RaGOO","C","G","A/A","A/A","A/A","A/A","A/A","A/A","A/A","A/A","A/A","A/A","A/A","A/A","A/A","A/A","A/A","A/A","A/A","A/A","A/A","A/A","A/A","A/A","A/A","A/A","A/A","CCA","A/A","A/A","A/A","A/A","A/A","A/A","A/A","A/A"
"68","326516","Spar_IX_RaGOO","326517","ACG","Spar_IX_RaGOO","C","A","A/A","A/A","A/A","A/A","A/A","A/A","A/A","A/A","A/A","ACG","A/A","A/A","A/A","A/A","A/A","A/A","A/A","A/A","A/A","A/A","A/A","A/A","A/A","A/A","A/A","A/A","A/A","A/A","A/A","A/A","A/A","A/A","A/A","A/A"
"69","330356","Spar_XI_RaGOO","330357","GGA","Spar_XI_RaGOO","G","C","A/A","A/A","A/A","A/A","A/A","A/A","A/A","A/A","A/A","A/A","A/A","A/A","A/A","A/A","A/A","A/A","A/A","A/A","A/A","A/A","A/A","A/A","A/A","A/A","A/A","A/A","A/A","A/A","A/A","A/A","A/A","A/A","A/A","GGA"
"70","332865","Spar_XII_RaGOO","332866","ATA","Spar_XII_RaGOO","T","C","A/A","A/A","A/A","A/A","A/A","ATA","A/A","A/A","A/A","A/A","A/A","A/A","A/A","A/A","A/A","A/A","A/A","A/A","A/A","A/A","A/A","A/A","A/A","A/A","A/A","A/A","A/A","A/A","A/A","A/A","A/A","A/A","A/A","A/A"
"71","338583","Spar_V_RaGOO","338584","AAA","Spar_V_RaGOO","A","T","A/A","A/A","A/A","A/A","A/A","A/A","A/A","A/A","A/A","A/A","A/A","A/A","A/A","A/A","A/A","A/A","A/A","A/A","A/A","AAA","A/A","A/A","A/A","A/A","A/A","A/A","A/A","A/A","A/A","A/A","A/A","A/A","A/A","A/A"
"72","351687","Spar_XII_RaGOO","351688","CAT","Spar_XII_RaGOO","A","G","A/A","A/A","A/A","A/A","A/A","A/A","A/A","A/A","A/A","A/A","A/A","A/A","A/A","A/A","A/A","A/A","A/A","A/A","A/A","A/A","A/A","CAT","A/A","A/A","A/A","A/A","A/A","A/A","A/A","A/A","A/A","A/A","A/A","A/A"
"73","355851","Spar_V_RaGOO","355852","CTG","Spar_V_RaGOO","T","C","A/A","A/A","A/A","A/A","A/A","A/A","A/A","A/A","A/A","A/A","A/A","A/A","A/A","CTG","A/A","A/A","A/A","A/A","A/A","A/A","A/A","A/A","A/A","A/A","A/A","A/A","A/A","A/A","A/A","A/A","A/A","A/A","A/A","A/A"
"74","357308","Spar_XI_RaGOO","357309","TGT","Spar_XI_RaGOO","G","C","A/A","A/A","A/A","A/A","A/A","A/A","A/A","A/A","A/A","A/A","A/A","A/A","A/A","A/A","A/A","A/A","A/A","A/A","A/A","A/A","A/A","A/A","A/A","A/A","A/A","TGT","A/A","A/A","A/A","A/A","A/A","A/A","A/A","A/A"
"75","358108","Spar_XIV_RaGOO","358109","GCA","Spar_XIV_RaGOO","C","G","A/A","A/A","A/A","A/A","A/A","A/A","A/A","A/A","A/A","A/A","A/A","A/A","A/A","A/A","A/A","A/A","A/A","A/A","A/A","A/A","A/A","A/A","A/A","A/A","A/A","A/A","A/A","A/A","A/A","A/A","GCA","A/A","A/A","A/A"
"76","360782","Spar_XII_RaGOO","360783","ATG","Spar_XII_RaGOO","T","C","A/A","A/A","A/A","A/A","A/A","A/A","A/A","A/A","A/A","A/A","A/A","A/A","A/A","A/A","A/A","A/A","ATG","A/A","A/A","A/A","A/A","A/A","A/A","A/A","A/A","A/A","A/A","A/A","A/A","A/A","A/A","A/A","A/A","A/A"
"77","364681","Spar_X_RaGOO","364682","TAA","Spar_X_RaGOO","A","G","A/A","A/A","A/A","A/A","A/A","A/A","A/A","A/A","A/A","A/A","A/A","A/A","A/A","A/A","A/A","A/A","A/A","A/A","A/A","A/A","A/A","A/A","A/A","A/A","A/A","A/A","A/A","A/A","A/A","A/A","A/A","TAA","A/A","A/A"
"78","366344","Spar_VIII_RaGOO","366345","ATA","Spar_VIII_RaGOO","T","A","A/A","A/A","A/A","A/A","A/A","A/A","ATA","A/A","A/A","A/A","A/A","A/A","A/A","A/A","A/A","A/A","A/A","A/A","A/A","A/A","A/A","A/A","A/A","A/A","A/A","A/A","A/A","A/A","A/A","A/A","A/A","A/A","A/A","A/A"
"79","370367","Spar_XV_RaGOO","370368","TCT","Spar_XV_RaGOO","C","A","A/A","A/A","A/A","A/A","A/A","A/A","A/A","A/A","A/A","A/A","A/A","A/A","A/A","A/A","A/A","A/A","A/A","A/A","TCT","A/A","A/A","A/A","A/A","A/A","A/A","A/A","A/A","A/A","A/A","A/A","A/A","A/A","A/A","A/A"
"80","378796","Spar_XI_RaGOO","378797","AGA","Spar_XI_RaGOO","G","T","A/A","A/A","A/A","A/A","A/A","AGA","A/A","A/A","A/A","A/A","A/A","A/A","A/A","A/A","A/A","A/A","A/A","A/A","A/A","A/A","A/A","A/A","A/A","A/A","A/A","A/A","A/A","A/A","A/A","A/A","A/A","A/A","A/A","A/A"
"81","384170","Spar_V_RaGOO","384171","GTT","Spar_V_RaGOO","T","C","A/A","A/A","A/A","A/A","A/A","A/A","A/A","A/A","A/A","A/A","A/A","A/A","A/A","A/A","A/A","A/A","A/A","GTT","A/A","A/A","A/A","A/A","A/A","A/A","A/A","A/A","A/A","A/A","A/A","A/A","A/A","A/A","A/A","A/A"
"82","385395","Spar_II_RaGOO","385396","CAT","Spar_II_RaGOO","A","C","A/A","A/A","A/A","CAT","A/A","A/A","A/A","A/A","A/A","A/A","A/A","A/A","A/A","A/A","A/A","A/A","A/A","A/A","A/A","A/A","A/A","A/A","A/A","A/A","A/A","A/A","A/A","A/A","A/A","A/A","A/A","A/A","A/A","A/A"
"83","395589","Spar_X_RaGOO","395590","AAT","Spar_X_RaGOO","A","G","A/A","A/A","A/A","A/A","A/A","A/A","A/A","A/A","A/A","A/A","A/A","A/A","A/A","A/A","A/A","AAT","A/A","A/A","A/A","A/A","A/A","A/A","A/A","A/A","A/A","A/A","A/A","A/A","A/A","A/A","A/A","A/A","A/A","A/A"
"84","399824","Spar_IX_RaGOO","399825","CAT","Spar_IX_RaGOO","A","G","A/A","A/A","A/A","A/A","A/A","A/A","A/A","A/A","A/A","A/A","A/A","A/A","A/A","A/A","A/A","A/A","A/A","A/A","A/A","A/A","A/A","A/A","A/A","A/A","A/A","A/A","A/A","A/A","A/A","CAT","A/A","A/A","A/A","A/A"
"85","400197","Spar_XIII_RaGOO","400198","CCG","Spar_XIII_RaGOO","C","T","A/A","A/A","A/A","A/A","A/A","A/A","A/A","A/A","A/A","A/A","A/A","A/A","A/A","A/A","A/A","A/A","A/A","A/A","CCG","A/A","A/A","A/A","A/A","A/A","A/A","A/A","A/A","A/A","A/A","A/A","A/A","A/A","A/A","A/A"
"86","409562","Spar_VII_RaGOO","409563","CCA","Spar_VII_RaGOO","C","G","A/A","A/A","A/A","A/A","CCA","A/A","A/A","A/A","A/A","A/A","A/A","A/A","A/A","A/A","A/A","A/A","A/A","A/A","A/A","A/A","A/A","A/A","A/A","A/A","A/A","A/A","A/A","A/A","A/A","A/A","A/A","A/A","A/A","A/A"
"87","415855","Spar_IX_RaGOO","415856","AGG","Spar_IX_RaGOO","G","A","A/A","A/A","A/A","A/A","A/A","A/A","A/A","A/A","A/A","A/A","A/A","A/A","A/A","A/A","A/A","A/A","A/A","A/A","A/A","A/A","AGG","A/A","A/A","A/A","A/A","A/A","A/A","A/A","A/A","A/A","A/A","A/A","A/A","A/A"
"88","431309","Spar_II_RaGOO","431310","AGC","Spar_II_RaGOO","G","C","A/A","A/A","A/A","A/A","A/A","A/A","A/A","A/A","A/A","A/A","A/A","A/A","A/A","A/A","A/A","A/A","A/A","A/A","A/A","A/A","AGC","A/A","A/A","A/A","A/A","A/A","A/A","A/A","A/A","A/A","A/A","A/A","A/A","A/A"
"89","437390","Spar_V_RaGOO","437391","TCA","Spar_V_RaGOO","C","T","A/A","A/A","A/A","TCA","A/A","A/A","A/A","A/A","A/A","A/A","A/A","A/A","A/A","A/A","A/A","A/A","A/A","A/A","A/A","A/A","A/A","A/A","A/A","A/A","A/A","A/A","A/A","A/A","A/A","A/A","A/A","A/A","A/A","A/A"
"90","438235","Spar_IV_RaGOO","438236","GAC","Spar_IV_RaGOO","A","T","A/A","A/A","A/A","A/A","A/A","A/A","A/A","A/A","A/A","A/A","A/A","A/A","A/A","A/A","A/A","A/A","A/A","A/A","A/A","A/A","A/A","A/A","A/A","GAC","A/A","A/A","A/A","A/A","A/A","A/A","A/A","A/A","A/A","A/A"
"91","440854","Spar_XII_RaGOO","440855","AGT","Spar_XII_RaGOO","G","T","A/A","A/A","A/A","A/A","A/A","A/A","A/A","A/A","A/A","A/A","A/A","A/A","A/A","A/A","A/A","A/A","A/A","A/A","A/A","A/A","A/A","A/A","A/A","A/A","A/A","AGT","A/A","A/A","A/A","A/A","A/A","A/A","A/A","A/A"
"92","461624","Spar_XI_RaGOO","461625","GCG","Spar_XI_RaGOO","C","T","A/A","A/A","A/A","A/A","A/A","A/A","A/A","A/A","A/A","A/A","A/A","A/A","A/A","A/A","A/A","A/A","A/A","A/A","A/A","A/A","A/A","A/A","A/A","A/A","A/A","A/A","A/A","GCG","A/A","A/A","A/A","A/A","A/A","A/A"
"93","469523","Spar_VIII_RaGOO","469524","CGG","Spar_VIII_RaGOO","G","C","A/A","A/A","A/A","A/A","A/A","A/A","A/A","A/A","A/A","A/A","A/A","A/A","A/A","A/A","A/A","A/A","A/A","A/A","A/A","A/A","A/A","A/A","CGG","A/A","A/A","A/A","A/A","A/A","A/A","A/A","A/A","A/A","A/A","A/A"
"94","485782","Spar_XV_RaGOO","485783","CCT","Spar_XV_RaGOO","C","T","A/A","A/A","A/A","A/A","A/A","A/A","A/A","A/A","A/A","A/A","CCT","A/A","A/A","A/A","A/A","A/A","A/A","A/A","A/A","A/A","A/A","A/A","A/A","A/A","A/A","A/A","A/A","A/A","A/A","A/A","A/A","A/A","A/A","A/A"
"95","490787","Spar_VII_RaGOO","490788","GAA","Spar_VII_RaGOO","A","G","A/A","A/A","A/A","A/A","GAA","A/A","A/A","A/A","A/A","A/A","A/A","A/A","A/A","A/A","A/A","A/A","A/A","A/A","A/A","A/A","A/A","A/A","A/A","A/A","A/A","A/A","A/A","A/A","A/A","A/A","A/A","A/A","A/A","A/A"
"96","496150","Spar_XI_RaGOO","496151","TCT","Spar_XI_RaGOO","C","T","A/A","A/A","A/A","A/A","A/A","A/A","A/A","A/A","A/A","A/A","A/A","A/A","A/A","A/A","A/A","A/A","A/A","A/A","A/A","A/A","A/A","A/A","A/A","A/A","A/A","A/A","A/A","TCT","A/A","A/A","A/A","A/A","A/A","A/A"
"97","508342","Spar_XIII_RaGOO","508343","TCA","Spar_XIII_RaGOO","C","A","A/A","A/A","A/A","A/A","A/A","A/A","A/A","A/A","A/A","A/A","A/A","A/A","A/A","A/A","A/A","A/A","A/A","A/A","A/A","A/A","A/A","A/A","A/A","A/A","A/A","TCA","A/A","A/A","A/A","A/A","A/A","A/A","A/A","A/A"
"98","516207","Spar_IV_RaGOO","516208","GAC","Spar_IV_RaGOO","A","T","A/A","A/A","A/A","A/A","A/A","A/A","A/A","A/A","A/A","A/A","A/A","A/A","GAC","A/A","A/A","A/A","A/A","A/A","A/A","A/A","A/A","A/A","A/A","A/A","A/A","A/A","A/A","A/A","A/A","A/A","A/A","A/A","A/A","A/A"
"99","518860","Spar_XVI_RaGOO","518861","CTC","Spar_XVI_RaGOO","T","C","A/A","A/A","A/A","A/A","A/A","A/A","A/A","A/A","A/A","A/A","A/A","A/A","A/A","A/A","A/A","A/A","CTC","A/A","A/A","A/A","A/A","A/A","A/A","A/A","A/A","A/A","A/A","A/A","A/A","A/A","A/A","A/A","A/A","A/A"
"100","525522","Spar_XIV_RaGOO","525523","CTA","Spar_XIV_RaGOO","T","G","A/A","A/A","A/A","A/A","A/A","A/A","CTA","A/A","A/A","A/A","A/A","A/A","A/A","A/A","A/A","A/A","A/A","A/A","A/A","A/A","A/A","A/A","A/A","A/A","A/A","A/A","A/A","A/A","A/A","A/A","A/A","A/A","A/A","A/A"
"101","527308","Spar_II_RaGOO","527309","TGT","Spar_II_RaGOO","G","C","A/A","A/A","A/A","A/A","A/A","A/A","A/A","A/A","A/A","A/A","A/A","A/A","A/A","A/A","A/A","A/A","A/A","A/A","A/A","A/A","A/A","A/A","A/A","TGT","A/A","A/A","A/A","A/A","A/A","A/A","A/A","A/A","A/A","A/A"
"102","535098","Spar_X_RaGOO","535099","ACC","Spar_X_RaGOO","C","A","A/A","A/A","A/A","A/A","A/A","A/A","ACC","A/A","A/A","A/A","A/A","A/A","A/A","A/A","A/A","A/A","A/A","A/A","A/A","A/A","A/A","A/A","A/A","A/A","A/A","A/A","A/A","A/A","A/A","A/A","A/A","A/A","A/A","A/A"
"103","554426","Spar_II_RaGOO","554427","GCA","Spar_II_RaGOO","C","T","A/A","A/A","A/A","A/A","A/A","A/A","A/A","A/A","A/A","A/A","A/A","A/A","A/A","A/A","A/A","GCA","A/A","A/A","A/A","A/A","A/A","A/A","A/A","A/A","A/A","A/A","A/A","A/A","A/A","A/A","A/A","A/A","A/A","A/A"
"104","564816","Spar_II_RaGOO","564817","ATG","Spar_II_RaGOO","T","G","A/A","A/A","A/A","A/A","A/A","A/A","A/A","A/A","A/A","A/A","A/A","A/A","A/A","A/A","A/A","A/A","A/A","A/A","A/A","ATG","A/A","A/A","A/A","A/A","A/A","A/A","A/A","A/A","A/A","A/A","A/A","A/A","A/A","A/A"
"105","571658","Spar_VII_RaGOO","571659","GAA","Spar_VII_RaGOO","A","G","A/A","A/A","A/A","A/A","A/A","A/A","GAA","A/A","A/A","A/A","A/A","A/A","A/A","A/A","A/A","A/A","A/A","A/A","A/A","A/A","A/A","A/A","A/A","A/A","A/A","A/A","A/A","A/A","A/A","A/A","A/A","A/A","A/A","A/A"
"106","578689","Spar_VII_RaGOO","578690","TGG","Spar_VII_RaGOO","G","A","A/A","A/A","A/A","TGG","A/A","A/A","A/A","A/A","A/A","A/A","A/A","A/A","A/A","A/A","A/A","A/A","A/A","A/A","A/A","A/A","A/A","A/A","A/A","A/A","A/A","A/A","A/A","A/A","A/A","A/A","A/A","A/A","A/A","A/A"
"107","585714","Spar_IV_RaGOO","585715","AGA","Spar_IV_RaGOO","G","A","A/A","A/A","A/A","A/A","AGA","A/A","A/A","A/A","A/A","A/A","A/A","A/A","A/A","A/A","A/A","A/A","A/A","A/A","A/A","A/A","A/A","A/A","A/A","A/A","A/A","A/A","A/A","A/A","A/A","A/A","A/A","A/A","A/A","A/A"
"108","601897","Spar_II_RaGOO","601898","GCT","Spar_II_RaGOO","C","T","A/A","A/A","A/A","A/A","A/A","A/A","A/A","GCT","A/A","A/A","A/A","A/A","A/A","A/A","A/A","A/A","A/A","A/A","A/A","A/A","A/A","A/A","A/A","A/A","A/A","A/A","A/A","A/A","A/A","A/A","A/A","A/A","A/A","A/A"
"109","603168","Spar_XV_RaGOO","603169","TGT","Spar_XV_RaGOO","G","T","A/A","A/A","A/A","A/A","A/A","A/A","A/A","A/A","TGT","A/A","A/A","A/A","A/A","A/A","A/A","A/A","A/A","A/A","A/A","A/A","A/A","A/A","A/A","A/A","A/A","A/A","A/A","A/A","A/A","A/A","A/A","A/A","A/A","A/A"
"110","606236","Spar_XIII_RaGOO","606237","CGG","Spar_XIII_RaGOO","G","A","A/A","A/A","A/A","A/A","A/A","A/A","A/A","A/A","A/A","A/A","A/A","CGG","A/A","A/A","A/A","A/A","A/A","A/A","A/A","A/A","A/A","A/A","A/A","A/A","A/A","A/A","A/A","A/A","A/A","A/A","A/A","A/A","A/A","A/A"
"111","621706","Spar_VII_RaGOO","621707","GAT","Spar_VII_RaGOO","A","G","A/A","A/A","A/A","A/A","A/A","A/A","A/A","A/A","A/A","A/A","A/A","A/A","A/A","A/A","A/A","A/A","A/A","A/A","A/A","A/A","A/A","A/A","A/A","A/A","A/A","A/A","A/A","A/A","A/A","A/A","A/A","A/A","GAT","A/A"
"112","624139","Spar_XII_RaGOO","624140","TTG","Spar_XII_RaGOO","T","C","A/A","A/A","A/A","A/A","A/A","A/A","A/A","TTG","A/A","A/A","A/A","A/A","A/A","A/A","A/A","A/A","A/A","A/A","A/A","A/A","A/A","A/A","A/A","A/A","A/A","A/A","A/A","A/A","A/A","A/A","A/A","A/A","A/A","A/A"
"113","630427","Spar_XVI_RaGOO","630428","TCA","Spar_XVI_RaGOO","C","A","A/A","A/A","TCA","A/A","A/A","A/A","A/A","A/A","A/A","A/A","A/A","A/A","A/A","A/A","A/A","A/A","A/A","A/A","A/A","A/A","A/A","A/A","A/A","A/A","A/A","A/A","A/A","A/A","A/A","A/A","A/A","A/A","A/A","A/A"
"114","640130","Spar_XV_RaGOO","640131","GAT","Spar_XV_RaGOO","A","G","A/A","A/A","A/A","A/A","A/A","A/A","A/A","A/A","A/A","A/A","A/A","A/A","A/A","A/A","A/A","A/A","A/A","A/A","A/A","A/A","A/A","A/A","A/A","A/A","A/A","A/A","A/A","A/A","A/A","A/A","A/A","A/A","A/A","GAT"
"115","660691","Spar_XV_RaGOO","660692","GAT","Spar_XV_RaGOO","A","G","A/A","A/A","A/A","A/A","A/A","A/A","A/A","A/A","A/A","A/A","A/A","A/A","A/A","GAT","A/A","A/A","A/A","A/A","A/A","A/A","A/A","A/A","A/A","A/A","A/A","A/A","A/A","A/A","A/A","A/A","A/A","A/A","A/A","A/A"
"116","664421","Spar_IV_RaGOO","664422","TGA","Spar_IV_RaGOO","G","T","A/A","A/A","A/A","A/A","A/A","A/A","A/A","A/A","A/A","TGA","A/A","A/A","A/A","A/A","A/A","A/A","A/A","A/A","A/A","A/A","A/A","A/A","A/A","A/A","A/A","A/A","A/A","A/A","A/A","A/A","A/A","A/A","A/A","A/A"
"117","668277","Spar_XIV_RaGOO","668278","TGC","Spar_XIV_RaGOO","G","T","A/A","A/A","A/A","A/A","A/A","A/A","A/A","A/A","A/A","A/A","A/A","A/A","A/A","A/A","A/A","A/A","A/A","TGC","A/A","A/A","A/A","A/A","A/A","A/A","A/A","A/A","A/A","A/A","A/A","A/A","A/A","A/A","A/A","A/A"
"118","681558","Spar_IV_RaGOO","681559","GCG","Spar_IV_RaGOO","C","T","A/A","A/A","A/A","A/A","A/A","A/A","A/A","GCG","A/A","A/A","A/A","A/A","A/A","A/A","A/A","A/A","A/A","A/A","A/A","A/A","A/A","A/A","A/A","A/A","A/A","A/A","A/A","A/A","A/A","A/A","A/A","A/A","A/A","A/A"
"119","681771","Spar_XIV_RaGOO","681772","TCT","Spar_XIV_RaGOO","C","G","A/A","A/A","A/A","A/A","A/A","A/A","A/A","A/A","TCT","A/A","A/A","A/A","A/A","A/A","A/A","A/A","A/A","A/A","A/A","A/A","A/A","A/A","A/A","A/A","A/A","A/A","A/A","A/A","A/A","A/A","A/A","A/A","A/A","A/A"
"120","690036","Spar_II_RaGOO","690037","AAT","Spar_II_RaGOO","A","T","A/A","A/A","A/A","A/A","A/A","A/A","A/A","A/A","A/A","A/A","A/A","A/A","A/A","A/A","A/A","A/A","A/A","A/A","A/A","A/A","A/A","A/A","A/A","A/A","A/A","A/A","A/A","A/A","A/A","A/A","AAT","A/A","A/A","A/A"
"121","690867","Spar_XII_RaGOO","690868","CGC","Spar_XII_RaGOO","G","A","A/A","A/A","A/A","A/A","A/A","A/A","A/A","A/A","A/A","A/A","A/A","CGC","A/A","A/A","A/A","A/A","A/A","A/A","A/A","A/A","A/A","A/A","A/A","A/A","A/A","A/A","A/A","A/A","A/A","A/A","A/A","A/A","A/A","A/A"
"122","707810","Spar_IV_RaGOO","707811","TTC","Spar_IV_RaGOO","T","C","A/A","A/A","A/A","A/A","A/A","A/A","A/A","A/A","A/A","A/A","A/A","A/A","A/A","A/A","A/A","A/A","A/A","A/A","A/A","TTC","A/A","A/A","A/A","A/A","A/A","A/A","A/A","A/A","A/A","A/A","A/A","A/A","A/A","A/A"
"123","716361","Spar_XVI_RaGOO","716362","AAG","Spar_XVI_RaGOO","A","T","A/A","A/A","A/A","A/A","A/A","A/A","A/A","A/A","A/A","A/A","A/A","A/A","A/A","A/A","A/A","A/A","A/A","A/A","A/A","A/A","A/A","A/A","A/A","A/A","A/A","A/A","A/A","AAG","A/A","A/A","A/A","A/A","A/A","A/A"
"124","721935","Spar_XII_RaGOO","721936","CCA","Spar_XII_RaGOO","C","A","A/A","A/A","A/A","A/A","A/A","A/A","A/A","A/A","A/A","A/A","A/A","A/A","A/A","A/A","A/A","A/A","A/A","A/A","A/A","A/A","A/A","A/A","A/A","A/A","A/A","A/A","CCA","A/A","A/A","A/A","A/A","A/A","A/A","A/A"
"125","746742","Spar_IV_RaGOO","746743","AGG","Spar_IV_RaGOO","G","A","A/A","A/A","A/A","A/A","A/A","A/A","A/A","A/A","A/A","A/A","A/A","A/A","AGG","A/A","A/A","A/A","A/A","A/A","A/A","A/A","A/A","A/A","A/A","A/A","A/A","A/A","A/A","A/A","A/A","A/A","A/A","A/A","A/A","A/A"
"126","752587","Spar_IV_RaGOO","752588","AAG","Spar_IV_RaGOO","A","T","A/A","A/A","A/A","A/A","A/A","A/A","A/A","A/A","A/A","AAG","A/A","A/A","A/A","A/A","A/A","A/A","A/A","A/A","A/A","A/A","A/A","A/A","A/A","A/A","A/A","A/A","A/A","A/A","A/A","A/A","A/A","A/A","A/A","A/A"
"127","754680","Spar_IV_RaGOO","754681","CAA","Spar_IV_RaGOO","A","G","A/A","A/A","A/A","A/A","A/A","A/A","A/A","A/A","A/A","A/A","A/A","A/A","A/A","A/A","A/A","A/A","A/A","A/A","A/A","A/A","A/A","A/A","A/A","CAA","A/A","A/A","A/A","A/A","A/A","A/A","A/A","A/A","A/A","A/A"
"128","759137","Spar_XVI_RaGOO","759138","TGC","Spar_XVI_RaGOO","G","T","A/A","A/A","A/A","A/A","TGC","A/A","A/A","A/A","A/A","A/A","A/A","A/A","A/A","A/A","A/A","A/A","A/A","A/A","A/A","A/A","A/A","A/A","A/A","A/A","A/A","A/A","A/A","A/A","A/A","A/A","A/A","A/A","A/A","A/A"
"129","759383","Spar_XV_RaGOO","759384","GAA","Spar_XV_RaGOO","A","T","A/A","A/A","A/A","A/A","A/A","A/A","A/A","A/A","A/A","A/A","A/A","A/A","A/A","A/A","A/A","A/A","A/A","A/A","A/A","A/A","A/A","A/A","A/A","A/A","A/A","A/A","A/A","A/A","A/A","A/A","A/A","A/A","A/A","GAA"
"130","760676","Spar_XIV_RaGOO","760677","TGA","Spar_XIV_RaGOO","G","A","A/A","A/A","A/A","A/A","A/A","A/A","A/A","A/A","A/A","A/A","A/A","A/A","A/A","A/A","A/A","TGA","A/A","A/A","A/A","A/A","A/A","A/A","A/A","A/A","A/A","A/A","A/A","A/A","A/A","A/A","A/A","A/A","A/A","A/A"
"131","765652","Spar_II_RaGOO","765653","CCG","Spar_II_RaGOO","C","A","A/A","CCG","A/A","A/A","A/A","A/A","A/A","A/A","A/A","A/A","A/A","A/A","A/A","A/A","A/A","A/A","A/A","A/A","A/A","A/A","A/A","A/A","A/A","A/A","A/A","A/A","A/A","A/A","A/A","A/A","A/A","A/A","A/A","A/A"
"132","777402","Spar_XV_RaGOO","777403","TGG","Spar_XV_RaGOO","G","A","A/A","A/A","A/A","A/A","TGG","A/A","A/A","A/A","A/A","A/A","A/A","A/A","A/A","A/A","A/A","A/A","A/A","A/A","A/A","A/A","A/A","A/A","A/A","A/A","A/A","A/A","A/A","A/A","A/A","A/A","A/A","A/A","A/A","A/A"
"133","780620","Spar_II_RaGOO","780621","TAA","Spar_II_RaGOO","A","T","A/A","A/A","A/A","A/A","A/A","A/A","A/A","A/A","A/A","A/A","TAA","A/A","A/A","A/A","A/A","A/A","A/A","A/A","A/A","A/A","A/A","A/A","A/A","A/A","A/A","A/A","A/A","A/A","A/A","A/A","A/A","A/A","A/A","A/A"
"134","801015","Spar_XIII_RaGOO","801016","AAT","Spar_XIII_RaGOO","A","G","A/A","A/A","A/A","A/A","A/A","A/A","A/A","A/A","A/A","A/A","A/A","A/A","A/A","A/A","A/A","A/A","A/A","A/A","A/A","A/A","A/A","A/A","A/A","A/A","A/A","A/A","AAT","A/A","A/A","A/A","A/A","A/A","A/A","A/A"
"135","807130","Spar_XII_RaGOO","807131","TTT","Spar_XII_RaGOO","T","G","A/A","A/A","A/A","A/A","A/A","A/A","A/A","A/A","A/A","A/A","A/A","A/A","A/A","A/A","TTT","A/A","A/A","A/A","A/A","A/A","A/A","A/A","A/A","A/A","A/A","A/A","A/A","A/A","A/A","A/A","A/A","A/A","A/A","A/A"
"136","820959","Spar_XVI_RaGOO","820960","TGT","Spar_XVI_RaGOO","G","T","A/A","A/A","A/A","A/A","A/A","A/A","A/A","A/A","A/A","A/A","A/A","TGT","A/A","A/A","A/A","A/A","A/A","A/A","A/A","A/A","A/A","A/A","A/A","A/A","A/A","A/A","A/A","A/A","A/A","A/A","A/A","A/A","A/A","A/A"
"137","854322","Spar_XVI_RaGOO","854323","CGT","Spar_XVI_RaGOO","G","A","A/A","A/A","A/A","A/A","A/A","A/A","A/A","A/A","A/A","A/A","A/A","A/A","A/A","CGT","A/A","A/A","A/A","A/A","A/A","A/A","A/A","A/A","A/A","A/A","A/A","A/A","A/A","A/A","A/A","A/A","A/A","A/A","A/A","A/A"
"138","894509","Spar_XV_RaGOO","894510","TGC","Spar_XV_RaGOO","G","T","A/A","A/A","A/A","A/A","A/A","A/A","A/A","A/A","A/A","A/A","A/A","A/A","A/A","A/A","A/A","A/A","A/A","A/A","TGC","A/A","A/A","A/A","A/A","A/A","A/A","A/A","A/A","A/A","A/A","A/A","A/A","A/A","A/A","A/A"
"139","917625","Spar_VII_RaGOO","917626","CTT","Spar_VII_RaGOO","T","G","A/A","A/A","A/A","A/A","A/A","A/A","A/A","A/A","A/A","A/A","A/A","A/A","A/A","A/A","A/A","A/A","A/A","A/A","A/A","A/A","A/A","A/A","A/A","A/A","A/A","CTT","A/A","A/A","A/A","A/A","A/A","A/A","A/A","A/A"
"140","919460","Spar_XII_RaGOO","919461","AAT","Spar_XII_RaGOO","A","T","A/A","A/A","A/A","A/A","A/A","A/A","A/A","A/A","A/A","A/A","A/A","A/A","A/A","A/A","A/A","A/A","A/A","A/A","A/A","A/A","A/A","A/A","A/A","A/A","A/A","A/A","A/A","A/A","AAT","A/A","A/A","A/A","A/A","A/A"
"141","926432","Spar_XII_RaGOO","926433","ACA","Spar_XII_RaGOO","C","A","A/A","A/A","A/A","A/A","A/A","A/A","A/A","A/A","A/A","A/A","A/A","A/A","A/A","A/A","A/A","A/A","A/A","A/A","ACA","A/A","A/A","A/A","A/A","A/A","A/A","A/A","A/A","A/A","A/A","A/A","A/A","A/A","A/A","A/A"
"142","927412","Spar_VII_RaGOO","927413","CGG","Spar_VII_RaGOO","G","A","A/A","A/A","A/A","A/A","A/A","A/A","A/A","A/A","A/A","A/A","A/A","A/A","A/A","A/A","A/A","CGG","A/A","A/A","A/A","A/A","A/A","A/A","A/A","A/A","A/A","A/A","A/A","A/A","A/A","A/A","A/A","A/A","A/A","A/A"
"143","937066","Spar_XV_RaGOO","937067","GAG","Spar_XV_RaGOO","A","G","A/A","A/A","A/A","A/A","A/A","A/A","A/A","A/A","A/A","GAG","A/A","A/A","A/A","A/A","A/A","A/A","A/A","A/A","A/A","A/A","A/A","A/A","A/A","A/A","A/A","A/A","A/A","A/A","A/A","A/A","A/A","A/A","A/A","A/A"
"144","971830","Spar_VII_RaGOO","971831","CTT","Spar_VII_RaGOO","T","C","A/A","A/A","A/A","A/A","A/A","A/A","A/A","A/A","A/A","A/A","A/A","A/A","A/A","A/A","A/A","A/A","A/A","A/A","A/A","A/A","A/A","A/A","A/A","A/A","A/A","A/A","A/A","A/A","A/A","A/A","CTT","A/A","A/A","A/A"
"145","974794","Spar_IV_RaGOO","974795","TGG","Spar_IV_RaGOO","G","T","A/A","A/A","A/A","A/A","A/A","A/A","A/A","A/A","A/A","A/A","A/A","A/A","A/A","A/A","A/A","A/A","A/A","A/A","A/A","A/A","TGG","A/A","A/A","A/A","A/A","A/A","A/A","A/A","A/A","A/A","A/A","A/A","A/A","A/A"
"146","995419","Spar_VII_RaGOO","995420","AAG","Spar_VII_RaGOO","A","G","A/A","A/A","A/A","A/A","A/A","AAG","A/A","A/A","A/A","A/A","A/A","A/A","A/A","A/A","A/A","A/A","A/A","A/A","A/A","A/A","A/A","A/A","A/A","A/A","A/A","A/A","A/A","A/A","A/A","A/A","A/A","A/A","A/A","A/A"
"147","999813","Spar_XII_RaGOO","999814","TCT","Spar_XII_RaGOO","C","T","A/A","A/A","A/A","TCT","A/A","A/A","A/A","A/A","A/A","A/A","A/A","A/A","A/A","A/A","A/A","A/A","A/A","A/A","A/A","A/A","A/A","A/A","A/A","A/A","A/A","A/A","A/A","A/A","A/A","A/A","A/A","A/A","A/A","A/A"
"148","1036525","Spar_VII_RaGOO","1036526","TCG","Spar_VII_RaGOO","C","T","A/A","A/A","A/A","A/A","A/A","A/A","A/A","TCG","A/A","A/A","A/A","A/A","A/A","A/A","A/A","A/A","A/A","A/A","A/A","A/A","A/A","A/A","A/A","A/A","A/A","A/A","A/A","A/A","A/A","A/A","A/A","A/A","A/A","A/A"
"149","1036870","Spar_VII_RaGOO","1036871","ATT","Spar_VII_RaGOO","T","C","A/A","A/A","A/A","A/A","A/A","A/A","A/A","ATT","A/A","A/A","A/A","A/A","A/A","A/A","A/A","A/A","A/A","A/A","A/A","A/A","A/A","A/A","A/A","A/A","A/A","A/A","A/A","A/A","A/A","A/A","A/A","A/A","A/A","A/A"
"150","1049262","Spar_XV_RaGOO","1049263","AGT","Spar_XV_RaGOO","G","A","A/A","A/A","A/A","A/A","A/A","A/A","A/A","A/A","A/A","A/A","A/A","A/A","A/A","A/A","A/A","A/A","A/A","A/A","A/A","A/A","A/A","A/A","A/A","A/A","A/A","A/A","AGT","A/A","A/A","A/A","A/A","A/A","A/A","A/A"
"151","1051227","Spar_IV_RaGOO","1051228","CGG","Spar_IV_RaGOO","G","C","A/A","A/A","A/A","A/A","A/A","A/A","A/A","A/A","A/A","A/A","A/A","A/A","A/A","A/A","A/A","A/A","A/A","A/A","A/A","A/A","A/A","A/A","A/A","A/A","A/A","CGG","A/A","A/A","A/A","A/A","A/A","A/A","A/A","A/A"
"152","1134500","Spar_IV_RaGOO","1134501","CGG","Spar_IV_RaGOO","G","A","A/A","A/A","A/A","CGG","A/A","A/A","A/A","A/A","A/A","A/A","A/A","A/A","A/A","A/A","A/A","A/A","A/A","A/A","A/A","A/A","A/A","A/A","A/A","A/A","A/A","A/A","A/A","A/A","A/A","A/A","A/A","A/A","A/A","A/A"
"153","1270309","Spar_IV_RaGOO","1270310","TGT","Spar_IV_RaGOO","G","T","A/A","A/A","A/A","A/A","A/A","A/A","A/A","A/A","A/A","A/A","A/A","A/A","A/A","A/A","A/A","A/A","A/A","A/A","TGT","A/A","A/A","A/A","A/A","A/A","A/A","A/A","A/A","A/A","A/A","A/A","A/A","A/A","A/A","A/A"
"154","1281980","Spar_IV_RaGOO","1281981","ATA","Spar_IV_RaGOO","T","C","A/A","A/A","A/A","A/A","ATA","A/A","A/A","A/A","A/A","A/A","A/A","A/A","A/A","A/A","A/A","A/A","A/A","A/A","A/A","A/A","A/A","A/A","A/A","A/A","A/A","A/A","A/A","A/A","A/A","A/A","A/A","A/A","A/A","A/A"
"155","1319448","Spar_IV_RaGOO","1319449","CTT","Spar_IV_RaGOO","T","A","A/A","A/A","CTT","A/A","A/A","A/A","A/A","A/A","A/A","A/A","A/A","A/A","A/A","A/A","A/A","A/A","A/A","A/A","A/A","A/A","A/A","A/A","A/A","A/A","A/A","A/A","A/A","A/A","A/A","A/A","A/A","A/A","A/A","A/A"
